Lon,Lat,Clave,Edo,Est,Tmin
-89.68,20.65,ABAYC,YUC,"Abalá, Yuc.",12.9
-101.54,20.45,ABSGJ,GTO,"Abasolo, Gto.",8.4
-98.39,24.07,ABSTP,TAMP,"Abasolo, Tamps.",13.0
-92.80,16.55,ACACP,CHIS,"Acala, Chis.",15.8
-99.91,16.85,ACAGR,GRO,"Acapulco, Gro.",21.9
-105.35,22.49,ACANR,NAY,"Acaponeta, Nay.",14.4
-96.84,19.70,ACAVC,VER,"Acatlán, Ver.",9.7
-98.83,18.95,ACHMR,MOR,"Achichipico, Mor.",9.3
-97.42,19.45,ACHPB,PUE,"Alchichilca, Pue.",-1.0
-103.23,22.33,ACHZC,JAL,"Achimec, Jal.",2.0
-97.93,19.06,ACJPB,PUE,"Acajete, Pue.",3.0
-100.71,20.03,ACNGJ,GTO,"Acámbaro, Gto.",5.6
-110.23,29.83,ACNSO,SON,"Aconchi, Son.",4.1
-98.91,19.64,ACOSE,MEX,"Acolman, Méx. SGIRPC*",4.4
-98.94,20.27,ACTHD,HGO,"Actopan, Hgo.",3.6
-106.65,24.05,ACTSI,SIN,"Acatitán, Sin.",9.8
-96.59,19.50,ACTVC,VER,"Actopan, Ver.",15.4
-100.84,28.34,ADLCL,COAH,"Allende, Coah.",7.4
-98.06,18.28,ADOPB,PUE,"Acatlán de Osorio, Pue.",10.6
-100.68,20.53,AEGGJ,GTO,"Apaseo el Grande, Gto.",6.6
-99.52,17.58,AERGR,GRO,"Observatorio de Chilpancingo Aeropuerto, Gro.",13.3
-98.14,18.94,AFRPB,PUE,"Áfricam, Pue.",6.2
-100.61,19.58,AGOMC,MICH,"Agostitlán, Mich.",2.7
-102.31,21.90,AGSAG,AGS,"Aguascalientes, Ags.",6.5
-107.48,28.48,AGZCH,CHIH,"Abraham González, Chih.",-3.0
-97.92,18.85,AHAPB,PUE,"Ahuatepec, Pue.",4.7
-99.15,22.99,AHLTP,TAMP,"Ahualulco, Tamps.",14.2
-109.18,25.92,AHMSI,SIN,"Ahome, Sin.",10.7
-98.15,20.03,AHUPB,PUE,"Ahuazontepec, Pue.",1.5
-100.50,18.15,AJCGR,GRO,"Ajuchitlán, Gro.",17.1
-102.44,21.60,AJJJL,JAL,"Ajojúcar, Jal.",0.1
-99.21,19.27,AJMSE,CDMX,"Ajusco Medio, Cd. de Méx. SGIRPC*",10.0
-98.56,21.97,AJTSL,SLP,"Las Adjuntas, S.L.P.",13.9
-99.16,19.15,AJUSE,CDMX,"Ajusco, Cd. de Méx. SGIRPC*",-1.0
-100.01,25.27,AL2NL,NL,"Allende Dos, N. L.",7.2
-107.38,25.09,AL2SI,SIN,"El Varejonal hidrométrica, Sin.",10.8
-108.94,27.02,ALASO,SON,"Álamos, Son. SMN*",11.2
-97.68,20.93,ALAVC,VER,"Álamo Temapache, Ver.",15.4
-102.59,22.18,ALMAG,AGS,"Alamitos, Ags.",0.7
-116.91,32.44,ALRBN,BC,"Abelardo L. Rodríguez, B.C.",8.7
-111.73,30.72,ALTSO,SON,"Observatorio de Altar, Son.",6.5
-97.23,19.76,ALTVC,VER,"Altotonga, Ver.",5.1
-99.26,18.73,ALUMR,MOR,"Alpuyeca, Mor.",11.7
-100.58,20.55,AMCGJ,GTO,"Ameche, Gto.",4.5
-99.38,18.60,AMCMR,MOR,"Amacuzac, Mor.",7.7
-101.06,29.45,AMSCL,COAH,"Internacional La Amistad, Coah.",6.9
-92.78,16.40,ANGCP,CHIS,"Doctor Belisario Domínguez, Chis.",16.3
-100.13,27.24,ANHNL,NL,"Anáhuac, N.L.",9.3
-102.46,22.19,ANVAG,AGS,"Cincuenta Aniversario, Ags.",6.8
-109.89,27.82,AOBSO,SON,"Álvaro Obregón, Son.",13.3
-99.46,18.68,APAMR,MOR,"Apacingo, Mor.",11.2
-97.85,20.41,APAPB,PUE,"Apapantilla, Pue.",14.8
-104.49,26.23,APRDR,DGO,"Ing. Benjamín Ortega Cantero, Dgo.",2.7
-100.62,20.45,APSGJ,GTO,"Apaseo el Alto, Gto.",7.2
-102.37,19.08,APTMC,MICH,"Apatzingán, Mich.",15.3
-100.93,25.56,ARACL,COAH,"Ramos Arizpe Aeropuerto, Coah.",8.4
-99.22,19.57,ARBMX,MEX,"Las Arboledas, Méx.",4.6
-108.70,25.70,ARCSI,SIN,"Adolfo Ruíz Cortínes, Sin.",10.3
-109.11,27.23,ARCSO,SON,"Adolfo Ruíz Cortínes, Son.",12.6
-95.44,18.58,ARCVC,VER,"Ángel Rosario Cabada, Ver.",17.8
-109.09,30.07,ARISO,SON,"Aribabi, Son.",1.2
-93.90,16.24,AROCP,CHIS,"Observatorio de Arriaga, Chis.",20.3
-99.82,24.10,ARRNL,NL,"Aramberri, N.L.",7.1
-110.17,30.34,ARZSO,SON,"Arizpe, Son.",0.5
-99.91,24.32,ASCNL,NL,"La Ascensión, N.L.",3.4
-101.63,20.50,ATBGJ,GTO,"Agua Tibia, Gto.",4.1
-98.35,21.02,ATCHD,HGO,"Atlapexco, Hgo.",15.4
-98.91,19.54,ATEMX,MEX,"Atenco, Méx.",6.4
-96.53,17.43,ATEOX,OAX,"Atepec, Oax.",7.3
-103.46,21.81,ATGZC,ZAC,"Atolinga, Zac.",1.6
-98.93,18.95,ATLMR,MOR,"Atlatlahucan, Mor.",11.8
-99.87,19.78,ATPMX,MEX,"Atlacomulco Prepa., Méx.",0.1
-98.42,18.92,ATXPB,PUE,"Atlixco, Pue.",8.1
-100.43,17.21,ATYGR,GRO,"Atoyac, Gro.",20.8
-97.88,20.39,AVCPB,PUE,"Ávila Camacho, Pue.",15.7
-107.47,25.03,AWSSI,SIN,"Andrew Weiss, Sin.",10.5
-99.10,16.95,AYUGR,GRO,"Ayutla, Gro.",16.9
-107.26,28.77,BACCH,CHIH,"Bachíniva, Chih.",-0.5
-96.72,17.07,BAEOX,OAX,"Base Aérea, Oax.",9.0
-97.93,22.39,BALTP,TAMP,"Bombas Altamira, Tamps.",16.8
-96.94,19.59,BANVC,VER,"Banderilla, Ver.",9.1
-100.41,20.50,BATQT,QRO,"El Batán, Qro.",4.8
-104.06,19.91,BBAJL,JAL,"Basilio Vadillo, Jal.",12.4
-110.24,30.60,BCNSO,SON,"Bacanuchi, Son.",-0.7
-108.93,30.36,BCRSO,SON,"Bacerac, Son.",1.6
-103.72,22.41,BCSJL,JAL,"Bocas, Jal.",1.8
-91.48,17.43,BDCTB,TAB,"Boca del Cerro, Tab.",19.2
-98.11,18.91,BDDPB,PUE,"Manuel Ávila Camacho, Pue.",3.0
-107.54,25.33,BDRSI,SIN,"Badiraguato, Sin.",7.4
-89.22,19.88,BECYC,YUC,"Becanchén, Yuc.",17.0
-99.16,19.37,BJUSE,CDMX,"Benito Juárez, Cd. de Méx. SGIRPC*",9.5
-98.96,21.75,BLMSL,SLP,"Ballesmi, S.L.P.",14.4
-103.78,21.83,BLNJL,JAL,"Bolaños, Jal.",9.3
-110.22,30.00,BNMSO,SON,"Banamichi, Son.",5.4
-89.74,20.00,BOLCA,CAMP,"Bolonchén, Camp.",19.5
-93.15,16.64,BOQCP,CHIS,"Boquerón, Chis.",16.9
-95.93,16.65,BOQOX,OAX,"Boquilla 1, Oax.",12.2
-99.12,24.08,BR1TP,TAMP,"El Barretal Uno, Tamps.",11.7
-96.93,19.48,BRIVC,VER,"Briones, Ver.",7.8
-101.84,21.05,BRRGJ,GTO,"El Barrial, Gto.",4.8
-99.22,24.10,BRRTP,TAMP,"El Barretal, Tamps.",10.8
-102.18,21.74,BRTAG,AGS,"San Bartolo, Ags.",4.3
-108.21,28.21,BSSCH,CHIH,"Basaseachi, Chih.",-2.2
-102.95,22.82,BTEZC,ZAC,"Ramón López Velarde, Zac.",3.9
-107.72,27.03,BTPCH,CHIH,"Batopilas, Chih.",11.4
-107.90,27.90,BTVCH,CHIH,"Batovira, Chih.",1.6
-103.61,19.25,BVSCM,COL,"Buenavista, Col.",14.4
-99.40,18.46,BVSGR,GRO,"Buena Vista, Gro.",12.0
-99.74,24.99,CABNL,NL,"Cabezones, N.L.",8.7
-92.72,15.35,CACCP,CHIS,"Cacaluta, Chis.",20.0
-95.74,18.37,CACVC,VER,"Carlos Arturo Carrillo, Ver.",18.9
-107.93,30.38,CAGCH,CHIH,"Observatorio de Nuevo Casas Grandes, Chih.",1.4
-104.70,24.00,CAGDR,DGO,"Campo Agrícola, Dgo.",3.4
-100.66,18.36,CALGR,GRO,"Ciudad Altamirano, Gro.",17.4
-99.70,19.33,CALMX,MEX,"Calixtlahuaca, Méx.",-1.3
-98.28,17.53,CALOX,OAX,"Calihualá, Oax.",7.7
-102.71,21.85,CALVILLO,AGS,"Calvillo, Ags. SMN*",2.8
-99.58,24.87,CAMNL,NL,"Camacho, N.L.",10.9
-90.58,19.30,CANCA,CAMP,"Canasayab, Camp.",17.4
-100.27,25.80,CANNL,NL,"El Canadá, N.L.",10.3
-86.82,21.16,CANQR,QROO,"Cancún, Q. Roo.",22.4
-89.08,20.46,CANYC,YUC,"Cantamayec, Yuc.",17.6
-105.11,21.83,CAPNR,NAY,"Capomal, Nay.",16.2
-91.76,18.65,CARCA,CAMP,"El Carmen, Camp.",22.4
-99.44,24.98,CARNL,NL,"Carmen de los Elizondo Linares, N.L.",9.0
-100.44,20.60,CARQT,QRO,"Carrillo, Qro.",7.0
-93.38,18.00,CARTB,TAB,"Cárdenas, Tab.",18.8
-92.48,16.31,CASCP,CHIS,"Cascajal, Chis.",13.9
-87.87,20.72,CATYC,YUC,"Catzín, Yuc.",17.0
-104.80,24.52,CB2DR,DGO,"Caboraca hidrométrica, Dgo.",2.1
-101.46,20.32,CBLMC,MICH,"Casa Blanca, Mich.",3.8
-104.81,24.54,CBRDR,DGO,"Caboraca, Dgo.",2.1
-102.06,26.98,CCGCL,COAH,"Cuatro Ciénegas, Coah.",7.2
-99.70,17.67,CCHGR,GRO,"Chichihualco, Gro.",10.0
-111.66,25.01,CCNBS,BCS,"Observatorio de Ciudad Constitución, B.C.S.",7.7
-105.17,27.69,CCOCH,CHIH,"Ciudad Camargo, Chih.",3.7
-109.63,27.42,CCRSO,SON,"Cocoraque, Son.",6.0
-100.95,29.33,CDACL,COAH,"Ciudad Acuña, Coah.",7.0
-96.99,19.33,CDCVC,VER,"Cosautlán de Carvajal, Ver.",17.3
-100.17,25.95,CDFNL,NL,"Ciénega de Flores, N.L.",7.2
-105.45,28.21,CDLCH,CHIH,"Ciudad Delicias, Chih.",3.6
-100.66,26.84,CDLCL,COAH,"Candela, Coah.",9.6
-103.73,18.76,CDOCM,COL,"Cerro de Ortega, Col.",17.2
-96.26,18.00,CDOOX,OAX,"Miguel de la Madrid Hurtado, Oax.",17.6
-98.60,26.24,CDOTP,TAMP,"S-J-2-18 Ciudad Díaz Ordaz, Tamps.",11.4
-102.68,22.00,CDRAG,AGS,"La Codorniz, Ags.",6.7
-97.44,18.99,CDSPB,PUE,"Ciudad Serdán, Pue.",2.7
-99.02,21.98,CDVSL,SLP,"Ciudad Valles, S.L.P.",14.1
-99.14,19.52,CEADF,CDMX,"Campamento Amealco, Cd. de Méx.",6.8
-104.12,26.52,CEBDR,DGO,"Ceballos, Dgo.",1.3
-96.70,19.43,CEGVC,VER,"Cerro Gordo, Ver.",13.3
-97.96,18.97,CEMPB,PUE,"Cemex, Pue.",4.0
-99.51,19.21,CGCMX,MEX,"Gerencia Conagua CODAGEM, Méx.",-1.2
-104.12,24.44,CGVDR,DGO,"Ciudad Guadalupe Victoria, Dgo.",4.1
-103.47,19.70,CGZJL,JAL,"Observatorio de Ciudad Guzmán, Jal.",6.3
-102.27,19.97,CHAMC,MICH,"Chaparaco, Mich.",5.2
-93.10,16.94,CHICP,CHIS,"Manuel Moreno Torres, Chis.",17.7
-99.50,17.55,CHIGR,GRO,"Chilpancingo, Gro.",12.6
-100.55,19.70,CHIMC,MICH,"Ciudad Hidalgo, Mich.",3.0
-94.82,16.58,CHIOX,OAX,"Chicapa, Oax.",21.4
-98.58,18.52,CHIPB,PUE,"Chietla, Pue.",11.5
-88.47,20.39,CHIYC,YUC,"Chan Chichimilá, Yuc.",15.7
-102.90,22.00,CHIZC,ZAC,"El Chique, Zac.",8.5
-99.18,17.61,CHLGR,GRO,"Chilapa, Gro.",10.7
-102.77,19.29,CHLMC,JAL,"Constitución de Apatzingán, Jal.",17.3
-98.32,19.07,CHLPB,PUE,"Cholula, Pue.",5.4
-90.72,19.36,CHMCA,CAMP,"Champotón, Camp.",18.8
-92.28,15.75,CHMCP,CHIS,"Chicomuselo, Chis.",12.6
-102.20,22.01,CHOAG,AGS,"Cañada Honda, Ags.",0.9
-88.33,18.50,CHOQR,QROO,"Observatorio de Chetumal, Q. Roo.",19.2
-98.89,19.27,CHOSE,MEX,"Chalco, Méx. SGIRPC*",4.7
-89.83,20.75,CHOYC,YUC,"Chocholá, Yuc.",17.7
-98.88,19.48,CHPMX,MEX,"Chapingo, Méx.",3.3
-98.57,18.11,CHSPB,PUE,"Chila de la Sal, Pue.",9.7
-111.52,30.87,CHTSO,SON,"Cuauhtémoc, Son.",4.7
-108.33,26.74,CHXSI,SIN,"Observatorio de Choix, Sin.",9.2
-98.16,21.74,CHYVC,VER,"Paso de Piedras, Ver.",15.7
-89.64,21.03,CICYC,YUC,"Centro de Investigación Científica, Yuc.",18.9
-104.57,19.23,CIHJL,JAL,"Cihuatlán, Jal.",19.0
-110.74,29.47,CJNSO,SON,"El Cajón, Son.",3.7
-106.40,31.74,CJZCH,CHIH,"Ciudad Juárez, Chih.",3.6
-107.40,24.82,CLCSI,SIN,"Culiacán, Sin.",12.6
-97.55,21.07,CLHVC,VER,"Chalahuite, Ver.",16.1
-103.63,18.83,CLLCM,COL,"Callejones, Col.",18.5
-105.38,27.58,CLNCH,CHIH,"Ing. Andrew Weiss, Chih.",0.3
-103.52,25.53,CLRDR,DGO,"Ciudad Lerdo, Dgo.",8.6
-103.25,22.13,CLTJL,JAL,"Observatorio de Colotlán, Jal.",3.1
-102.19,21.83,CLVAG,AGS,"Calvillo, Ags.",-2.4
-100.82,20.54,CLYGJ,GTO,"Celaya, Gto.",6.5
-99.24,19.53,CLYMX,MEX,"Calacoaya, Méx.",5.5
-100.90,18.50,CMNMC,MICH,"Caimanera, Mich.",13.1
-90.54,19.84,CMPCA,CAMP,"Campeche, Camp.",19.1
-98.20,19.02,CNAPB,PUE,"Conagua, Pue.",7.6
-103.70,24.87,CNCDR,DGO,"Cuencamé, Dgo.",8.8
-91.05,18.18,CNDCA,CAMP,"Candelaria, Camp.",17.9
-108.54,27.42,CNDCH,CHIH,"Chínipas, Chih.",7.8
-98.81,25.03,CNDTP,TAMP,"Cándido Aguilar, Tamps.",10.6
-98.05,19.74,CNGPB,PUE,"Chignahuapan, Pue.",1.3
-98.41,16.47,CNLGR,GRO,"Cuajinicuilapa, Gro.",22.2
-110.29,30.98,CNNSO,SON,"Cananea, Son.",2.7
-99.30,19.70,CNPMX,MEX,"La Concepción, Méx.",2.4
-101.99,21.90,CNSAG,AGS,"Los Conos, Ags.",2.0
-100.08,20.42,CNSQT,QRO,"Constitución de 1917, Qro.",6.3
-100.95,29.21,CNTCL,COAH,"El Centenario, Coah.",5.5
-104.75,24.50,CNTDR,DGO,"Canatlán, Dgo.",2.7
-98.16,18.61,COAPB,PUE,"Coatzingo, Pue.",9.1
-96.94,19.45,COAVC,VER,"Coatepec, Ver.",8.4
-90.51,19.84,COBCA,CAMP,"Observatorio de Campeche, Camp.",18.6
-99.63,19.29,COBMX,MEX,"Observatorio de Toluca, Méx.",-1.4
-109.94,27.50,COBSO,SON,"Observatorio de Ciudad Obregón, Son.",9.9
-101.26,19.63,COIMC,MICH,"Coíntzio, Mich.",4.5
-101.47,21.07,COMGJ,GTO,"Comanjilla, Gto.",4.4
-97.82,25.97,CONTP,TAMP,"Control, Tamps.",13.1
-89.50,21.08,CONYC,YUC,"Conkal, Yuc.",14.5
-92.10,16.20,COOCP,CHIS,"Observatorio de Comitán, Chis.",10.9
-100.36,20.20,CORGJ,GTO,"Coroneo, Gto.",0.2
-101.86,20.21,CORMC,MICH,"Corrales, Mich.",5.3
-98.94,23.94,CORTP,TAMP,"Corona, Tamps.",11.3
-94.40,18.10,COTVC,VER,"Observatorio de Coatzacoalcos, Ver.",19.1
-86.95,20.51,COZQR,QROO,"Cozumel, Q. Roo.",22.7
-105.13,20.00,CPEJL,JAL,"Cajón de Peña, Jal.",18.6
-98.06,19.09,CPLPB,PUE,"Capulac, Pue.",5.1
-98.56,19.59,CPPTL,TLAX,"Calpulalpan, Tlax.",-1.2
-99.40,24.94,CPRNL,NL,"José López Portillo, N.L.",11.4
-103.80,19.21,CQMCM,COL,"Coquimatlán, Col.",17.5
-96.37,19.36,CRDVC,VER,"Cardel, Ver.",17.2
-101.67,20.62,CRMGJ,GTO,"Cuerámaro, Gto.",6.9
-116.70,32.48,CRRBN,BC,"El Carrizo, B.C.",8.5
-109.33,26.10,CRRSI,SIN,"El Carrizo, Sin.",7.3
-96.65,19.32,CRRVC,VER,"Carrizal, Ver.",16.3
-100.96,20.49,CRTGJ,GTO,"Cortázar, Gto.",7.5
-101.74,21.50,CRTJL,JAL,"El Cuarenta, Jal.",1.3
-99.70,24.78,CRUNL,NL,"Crucitas, N.L.",10.7
-99.61,26.09,CRVNL,NL,"Cerralvo, N.L.",9.5
-109.93,22.90,CSLBS,BCS,"Cabo San Lucas, B.C.S.",14.4
-102.30,22.36,CSOAG,AGS,"Cosío, Ags.",0.5
-100.90,20.95,CSRGJ,GTO,"Cinco Señores, Gto.",2.4
-101.67,21.20,CSTGJ,GTO,"Los Castillos, Gto.",6.5
-99.20,19.41,CTMDF,CDMX,"Observatorio de Tacubaya, Cd. de Méx.",8.3
-95.30,18.14,CTTVC,VER,"Cuatotolapan, Ver.",16.9
-97.52,20.03,CTZPB,PUE,"Cuetzalan del Progreso, Pue.",10.2
-106.87,28.42,CUACH,CHIH,"Cuauhtémoc, Chih.",-0.6
-103.60,19.33,CUACM,COL,"Cuauhtémoc, Col.",17.0
-98.95,18.81,CUAMR,MOR,"Cuautla, Mor.",10.3
-99.29,19.37,CUASE,CDMX,"Cuajimalpa, Cd. de Méx. SGIRPC*",8.0
-97.77,19.30,CUATL,TLAX,"Cuapiaxtla, Tlax.",1.7
-102.35,22.45,CUAZC,ZAC,"Ciudad Cuauhtémoc, Zac.",2.5
-99.20,18.90,CUEMR,MOR,"Cuernavaca, Mor.",12.8
-105.22,20.59,CULJL,JAL,"Cuale, Jal.",15.4
-99.20,19.72,CUTSE,MEX,"Cuautitlán, Méx. SGIRPC*",2.0
-89.31,20.74,CUZYC,YUC,"Cuzama, Yuc.",19.8
-99.17,23.72,CVCTP,TAMP,"Observatorio de Ciudad Victoria, Tamps.",11.7
-99.19,23.73,CVTTP,TAMP,"Ciudad Victoria, Tamps.",13.0
-103.45,21.07,CXTJL,JAL,"Cuixtla, Jal.",8.5
-87.68,21.51,CYOYC,YUC,"El Cuyo, Yuc.",20.9
-101.05,17.38,CYQGR,GRO,"Coyuquilla, Gro.",20.6
-103.47,25.54,CYTCL,COAH,"Coyote, Coah.",9.2
-108.76,26.60,CZNSO,SON,"Cazanate, Son.",5.7
-100.17,23.68,DARNL,NL,"Doctor Arroyo, N.L.",6.4
-99.21,19.30,DATDF,CDMX,"Desviación Alta, Cd. de Méx.",9.4
-92.58,15.20,DESCP,CHIS,"Despoblado, Chis.",20.7
-102.44,20.30,DGNMC,MICH,"De Gonzalo, Mich.",6.8
-100.93,21.15,DHGGJ,GTO,"Dolores Hidalgo, Gto.",4.3
-103.88,19.11,DJLCM,COL,"Presa derivadora Jala, Col.",16.2
-99.56,19.88,DNXMX,MEX,"Danxhó, Méx.",0.8
-113.46,27.64,DORBS,BCS,"Díaz Ordaz, B.C.S.",5.2
-104.67,24.03,DRGDR,DGO,"Durango, Dgo.",3.5
-89.04,21.25,DZIYC,YUC,"Dzidzantún, Yuc.",17.5
-100.90,20.28,ECBGJ,GTO,"El Cubo, Gto.",3.5
-109.23,29.20,ECBSO,SON,"El Cubil, Son.",6.1
-101.24,20.87,ECHGJ,GTO,"El Chapín, Gto.",4.4
-98.28,18.97,ECHPB,PUE,"Echeverría, Pue.",5.5
-101.37,20.72,ECNGJ,GTO,"El Conejo, Gto.",3.8
-100.20,25.52,ECSNL,NL,"El Cerrito, N.L.",6.5
-97.65,19.32,ECTTL,TLAX,"El Carmen Tequexquitla, Tlax.",-0.7
-116.83,32.47,EFLBN,BC,"El Florido, B.C.",8.7
-108.62,26.43,EFTSI,SIN,"El Fuerte, Sin.",8.8
-100.45,19.97,EGIMC,MICH,"El Gigante, Mich.",3.4
-103.10,23.69,ELCZC,ZAC,"El Cazadero, Zac.",2.5
-92.95,15.50,ELNCP,CHIS,"El Novillero, Chis.",21.3
-98.79,18.69,ELPMR,MOR,"El Peñón, Mor.",12.6
-104.05,22.61,ELPZC,ZAC,"El Platanito, Zac.",7.9
-102.04,22.67,ELSZC,ZAC,"El Saladillo, Zac.",-0.4
-116.60,31.89,ELZBN,BC,"Emilio López Zamora, B.C.",8.4
-95.37,16.43,EMAOX,OAX,"El Marqués, Oax.",19.4
-99.24,19.45,EMOMX,MEX,"El Molinito Río Hondo, Méx.",6.2
-92.92,17.98,EMUTB,TAB,"Villahermosa Muelle, Tab.",20.4
-99.36,20.16,ENDHD,HGO,"Endhó, Hgo.",4.9
-115.15,32.41,ENLBN,BC,"Observatorio de Ejido Nuevo León, B.C.",7.4
-99.08,23.38,ENNTP,TAMP,"La Encantada, Tamps.",11.7
-96.36,19.41,ENRVC,VER,"El Naranjillo, Ver.",18.6
-99.52,17.23,EOCGR,GRO,"El Ocotito, Gro.",14.2
-101.68,21.17,EPLGJ,GTO,"El Palote, Gto.",6.8
-110.80,27.95,EPLSO,SON,"Observatorio de Empalme, Son.",10.7
-92.81,18.04,EPOTB,TAB,"El Porvenir, Tab.",19.3
-100.45,20.54,EPUQT,QRO,"El Pueblito, Qro.",6.6
-98.69,22.61,ERCTP,TAMP,"Estudiante Ramiro Caballero Dorantes, Tamps.",15.4
-90.74,18.60,ESCCA,CAMP,"Escárcega, Camp.",19.2
-92.67,15.32,ESCCP,CHIS,"Escuintla, Chis.",19.9
-100.92,25.44,ESLCL,COAH,"Secretaría de Agricultura Saltillo, Coah.",8.0
-96.16,19.07,ETEVC,VER,"El Tejar, Ver.",14.6
-103.35,21.65,EXCZC,ZAC,"Miguel Alemán, Zac.",2.1
-103.34,20.72,EXPJL,JAL,"La Experiencia, Jal.",7.7
-91.75,17.75,EZATB,TAB,"Emiliano Zapata, Tab.",20.0
-89.58,20.98,EZAYC,YUC,"Emiliano Zapata, Yuc.",18.4
-99.24,19.48,FACSE,MEX,"FES Acatlán, Méx. SGIRPC*",4.8
-89.64,20.94,FAEYC,YUC,"Fuerza Aérea, Yuc.",18.0
-88.05,19.58,FCRQR,QROO,"Observatorio de Felipe Carrillo Puerto, Q. Roo.",17.6
-98.16,24.84,FDOTP,TAMP,"San Fernando, Tamps.",13.1
-105.63,28.17,FIMCH,CHIH,"Francisco I. Madero, Chih.",4.0
-103.26,25.77,FIMCL,COAH,"Francisco I. Madero, Coah.",7.4
-89.64,21.05,FIYYC,YUC,"Facultad de Ingeniería Universidad Autónoma de Yucatán, Yuc.",18.5
-97.82,17.75,FOYOX,OAX,"San Francisco Yosocuta, Oax.",8.4
-102.89,23.17,FREZC,ZAC,"Fresnillo, Zac.",4.8
-103.96,24.00,FV2DR,DGO,"Francisco Villa hidrométrica, Dgo.",3.8
-103.96,24.00,FVLDR,DGO,"Francisco Villa, Dgo.",3.6
-103.77,25.27,FZRDR,DGO,"Francisco Zarco, Dgo.",8.7
-92.92,17.97,GABTB,TAB,"Gaviotas 2, Tab.",19.8
-100.08,24.83,GALNL,NL,"Galeana, N.L.",6.8
-99.09,19.48,GAMSE,CDMX,"Gustavo A. Madero, Cd. de Méx. SGIRPC*",9.2
-99.24,21.91,GANSL,SLP,"Gallinas, S.L.P.",12.9
-95.56,18.27,GARVC,VER,"Garro, Ver.",18.3
-89.66,20.98,GARYC,YUC,"Organismo de Cuenca Península de Yucatán, Yuc.",17.5
-105.14,20.89,GAVNR,NAY,"Gaviotas, Nay.",15.4
-108.32,26.08,GB2SI,SIN,"El Sabinal hidrométrica, Sin.",10.9
-99.09,19.48,GCNDF,CDMX,"km 6+250, Cd. de Méx.",3.9
-107.91,25.86,GD2SI,SIN,"Bacurato hidrométrica de Gustavo Diaz Ordáz, Sin.",11.0
-105.25,25.50,GESDR,DGO,"General Escobedo, Dgo.",5.9
-100.37,20.57,GHQQT,QRO,"Gerencia Hidalgo, Qro.",8.0
-103.09,22.93,GJAZC,ZAC,"General Joaquín Amaro, Zac.",5.0
-101.74,20.44,GLNGJ,GTO,"La Golondrina, Gto.",8.9
-108.09,25.47,GMCSI,SIN,"Guamúchil, Sin.",11.9
-105.96,25.93,GNCDR,DGO,"Guanaceví, Dgo.",-5.5
-114.05,27.96,GNGBS,BCS,"Guerrero Negro, B.C.S.",6.6
-93.00,17.98,GONTB,TAB,"González, Tab.",18.2
-108.30,29.20,GPCCH,CHIH,"Guapoca, Chih.",0.2
-102.51,22.75,GPEZC,ZAC,"Guadalupe, Zac.",6.0
-107.07,26.81,GRCCH,CHIH,"Guerachi, Chih.",9.3
-102.46,22.49,GRCZC,ZAC,"Genaro Codina, Zac.",0.7
-98.92,19.58,GRDMX,MEX,"La Grande, Méx.",7.0
-93.13,16.98,GRICP,CHIS,"Grijalva, Chis.",17.0
-108.47,25.72,GSVSI,SIN,"Guasave, Sin.",11.0
-107.23,25.34,GTNSI,SIN,"Guatenipa, Sin.",12.0
-101.27,21.01,GTOGJ,GTO,"Observatorio de Guanajuato, Gto.",6.9
-103.35,20.68,GUAJL,JAL,"Guadalajara Centro, Jal.",10.6
-102.54,19.98,GUAMC,MICH,"Guaracha, Mich.",6.8
-103.39,20.71,GUCJL,JAL,"Observatorio de Guadalajara, Jal.",7.1
-106.97,26.10,GYCCH,CHIH,"Guadalupe y Calvo, Chih.",0.7
-110.85,27.95,GYMSO,SON,"Guaymas, Son.",11.3
-99.65,20.37,HCPHD,HGO,"Huichapan, Hgo.",5.4
-109.33,25.98,HDZSI,SIN,"Higuera de Zaragoza, Sin.",12.9
-90.11,20.18,HECCA,CAMP,"Hecelchakán, Camp.",19.4
-99.15,19.41,HGMSE,CDMX,"Hospital General de México, Cd. de Méx. SGIRPC*",10.2
-98.46,21.77,HGOVC,VER,"El Higo, Ver.",14.7
-100.01,25.96,HGRNL,NL,"Higueras, N.L.",8.7
-99.18,18.57,HIGMR,MOR,"Higuerón, Mor.",12.5
-103.61,21.22,HITZC,ZAC,"Huitzila, Zac.",-0.2
-98.42,21.15,HJTHD,HGO,"Huejutla, Hgo.",15.0
-98.46,19.10,HJTPB,PUE,"Huejotzingo, Pue.",3.6
-97.78,17.81,HLOOX,OAX,"Observatorio de Huajuapan de León, Oax.",5.1
-98.29,21.19,HLSVC,VER,"Los Hules, Ver.",14.6
-110.92,29.07,HM2SO,SON,"Observatorio de Hermosillo, Son.",8.5
-110.93,29.07,HMNSO,SON,"Hermosillo, Son.",10.2
-116.30,32.52,HNGBN,BC,"El Hongo, B.C.",1.1
-99.70,20.05,HPNMX,MEX,"Huapango, Méx.",0.0
-89.85,19.75,HPOCA,CAMP,"Hopelchen, Camp.",19.4
-98.54,18.77,HQCPB,PUE,"Huaquechula, Pue.",10.0
-108.96,30.21,HSHSO,SON,"Huachinera, Son.",1.2
-96.95,19.18,HTSVC,VER,"Huatusco, Ver.",6.2
-99.33,18.30,HTZGR,GRO,"Huitzuco, Gro.",11.7
-99.42,18.61,HUAMR,MOR,"Huajintlán, Mor.",10.0
-98.05,20.18,HUAPB,PUE,"Huauchinango, Pue.",10.3
-92.40,15.00,HUECP,CHIS,"Huehuetán, Chis.",20.6
-98.75,18.88,HUEMR,MOR,"Hueyapan, Mor.",4.6
-92.47,15.13,HUICP,CHIS,"Huixtla, Chis.",20.1
-99.27,19.03,HUIMR,MOR,"Huitzilac, Mor.",1.3
-99.03,18.44,HUTMR,MOR,"Huautla, Mor.",9.9
-98.78,18.94,HUXMR,MOR,"Huecahuaxco, Mor.",8.6
-98.48,20.53,HUYVC,VER,"Huayacocotla, Ver.",5.7
-100.83,20.85,IALGJ,GTO,"Ignacio Allende, Gto.",5.6
-99.96,20.20,IDFQT,QRO,"San Ildefonso, Qro.",5.0
-96.55,19.40,IDOVC,VER,"Ídolos, Ver.",17.6
-99.55,18.35,IGLGR,GRO,"Iguala, Gro.",14.5
-107.88,26.87,IGNCH,CHIH,"San Ignacio, Chih.",9.3
-110.89,30.76,IMRSO,SON,"Imuris, Son.",1.6
-96.88,19.60,INCVC,VER,"Ingenio Concepción, Ver.",10.2
-101.88,18.27,INFMC,MICH,"Infiernillo, Mich.",19.4
-107.88,26.87,INGCH,CHIH,"San Ignacio, Chih.",9.3
-110.40,28.43,IRASO,SON,"Ignacio R. Alatorre, Son.",5.9
-101.35,20.68,IRPGJ,GTO,"Irapuato, Gto.",6.6
-99.77,19.57,IXCMX,MEX,"Ixtlahuaca, Méx.",-0.5
-99.22,20.48,IXMHD,HGO,"Ixmiquilpan, Hgo.",5.5
-106.60,23.96,IXPSI,SIN,"Ixpalino, Sin.",11.0
-98.51,17.62,IXTGR,GRO,"Ixcateopan de Tlapa, Gro.",12.6
-95.10,16.58,IXTOX,OAX,"Ixtepec, Oax.",21.5
-97.82,19.62,IXTPB,PUE,"Ixtacamaxtitlán, Pue.",1.4
-98.47,18.61,IZMPB,PUE,"Izúcar de Matamoros, Pue.",13.2
-89.03,20.93,IZMYC,YUC,"Izamal, Yuc.",17.1
-96.20,17.87,JACOX,OAX,"Jacatepec, Oax.",18.5
-94.67,17.95,JALVC,VER,"Jaltipán, Ver.",19.3
-103.40,24.28,JALZC,ZAC,"Juan Aldama, Zac.",5.9
-92.73,15.87,JAPCP,CHIS,"Jaltenango, Chis.",12.9
-102.60,19.96,JARMC,MICH,"Jaripo, Mich.",6.0
-103.11,21.40,JCHZC,ZAC,"Juchipila, Zac.",4.9
-102.36,22.12,JCQAG,AGS,"Jocoque, Ags.",4.6
-100.52,20.15,JCRGJ,GTO,"Jerécuaro, Gto.",4.2
-95.03,17.43,JCRVC,VER,"Jesús Carranza, Ver.",19.5
-94.09,17.87,JDCVC,VER,"San José del Carmen, Ver.",17.2
-103.00,22.64,JERZC,ZAC,"Jerez, Zac.",4.2
-99.48,21.23,JLPQT,QRO,"Jalpan, Qro.",11.0
-106.81,24.57,JLPSI,SIN,"José López Portillo, Sin.",13.2
-104.52,22.25,JMANR,NAY,"Jesús María, Nay.",12.0
-104.91,27.13,JMNCH,CHIH,"Jiménez, Chih.",1.6
-102.71,20.29,JMYJL,JAL,"Jamay, Jal.",3.6
-108.01,25.90,JNASI,SIN,"Jaina, Sin.",9.3
-98.80,18.70,JNCMR,MOR,"Jonacatepec, Mor.",9.1
-99.20,18.60,JOJMR,MOR,"Jojutla, Mor.",10.5
-108.70,26.43,JORSI,SIN,"Josefa Ortiz de Domínguez, Sin.",11.5
-97.02,19.60,JOYVC,VER,"La Joya, Ver.",3.5
-100.45,20.70,JRQQT,QRO,"Juriquilla, Qro.",6.4
-99.05,19.63,K27MX,MEX,"km 27+250, Méx.",5.0
-90.70,16.58,LACCP,CHIS,"Lacantún, Chis.",17.5
-101.84,20.68,LADGJ,GTO,"Las Adjuntas, Gto.",2.8
-103.87,19.17,LAECM,COL,"La Esperanza, Col.",14.0
-97.95,23.17,LAETP,TAMP,"La Esperanza, Tamps.",13.6
-116.81,32.10,LAMBN,BC,"La Misión, B.C.",7.3
-95.35,18.25,LAUVC,VER,"Lauchapan, Ver.",16.0
-109.70,23.68,LBABS,BCS,"Los Barriles, B.C.S.",13.9
-100.13,25.43,LBCNL,NL,"Rodrigo Gómez, N.L.",8.5
-105.41,27.54,LBQCH,CHIH,"La Boquilla, Chih.",4.2
-102.57,22.78,LBUZC,ZAC,"Observatorio de Zacatecas, Zac.",7.1
-96.91,18.21,LCAOX,OAX,"La Carbonera, Oax.",9.2
-109.38,30.44,LCDSO,SON,"Lázaro Cárdenas, Son.",6.0
-101.00,18.42,LCLGR,GRO,"La Calera, Gro.",13.6
-105.02,25.59,LCRDR,DGO,"Lázaro Cárdenas, Dgo.",6.1
-106.90,23.92,LCRSI,SIN,"La Cruz, Sin.",11.3
-98.91,18.68,LCUMR,MOR,"La Cuera, Mor.",10.5
-108.35,26.90,LD2SI,SIN,"Huites hidrométrica, Sin.",8.1
-103.77,18.81,LDACM,COL,"Laguna de Amela, Col.",17.3
-100.02,16.96,LDCGR,GRO,"Laguna de Coyuca, Gro.",20.5
-103.20,20.29,LDCJL,JAL,"Lago de Chapala, Jal.",12.6
-100.41,19.84,LDFMC,MICH,"Laguna del Fresno, Mich.",4.6
-99.24,16.76,LDGGR,GRO,"Las Vigas, Gro.",16.4
-101.07,20.29,LDYGJ,GTO,"Laguna de Yuriria, Gto.",5.1
-101.69,21.14,LENGJ,GTO,"León, Gto.",9.3
-99.53,25.50,LERNL,NL,"Las Enramadas, N.L.",8.1
-105.34,22.56,LESNR,NAY,"La Estancia, Nay.",13.0
-93.56,16.70,LFLCP,CHIS,"Las Flores, Chis.",13.1
-103.28,25.07,LFLDR,COAH,"La Flor, Coah.",4.9
-103.60,22.69,LFLZC,ZAC,"La Florida, Zac.",-2.1
-97.23,18.92,LGRVC,VER,"Loma Grande, Ver.",2.0
-100.88,20.40,LGVGJ,GTO,"Presa la Gavia, Gto.",3.7
-97.69,19.46,LIBPB,PUE,"Libres, Pue.",3.7
-96.98,20.05,LIBVC,VER,"Libertad, Ver.",15.9
-101.36,20.28,LJIGJ,GTO,"Las Jícamas, Gto.",7.2
-107.03,29.88,LJSCH,CHIH,"Las Lajas, Chih.",0.4
-102.66,23.00,LLBZC,ZAC,"Llano Blanco, Zac.",1.8
-105.28,28.98,LLNCH,CHIH,"Ing. Luis L. León, Chih.",5.8
-102.25,22.44,LMOZC,ZAC,"Luis Moya, Zac.",2.7
-98.76,20.59,LMTHD,HGO,"Metztitlán, Hgo.",10.1
-103.38,22.85,LOBZC,ZAC,"Manuel Felgueres, Zac.",-0.3
-96.41,19.26,LOFVC,VER,"Loma Fina, Ver.",17.2
-102.87,19.21,LOLMC,MICH,"Los Olivos, Mich.",14.2
-101.99,22.26,LORZC,ZAC,"Loreto, Zac.",2.8
-102.75,20.15,LPAMC,MICH,"La Palma, Mich.",8.6
-102.00,20.35,LPDMC,MICH,"La Piedad, Mich.",4.3
-94.92,17.42,LPEVC,VER,"Las Perlas, Ver.",19.2
-102.13,18.85,LPNMC,MICH,"Los Panches, Mich.",15.0
-103.73,19.22,LPSCM,COL,"La Posta, Col.",16.5
-102.20,18.80,LPSMC,MICH,"La Pastoría, Mich.",16.0
-110.37,24.15,LPZBS,BCS,"Observatorio de La Paz, B.C.S.",13.5
-101.20,18.80,LPZMC,MICH,"Los Pinzanes, Mich.",18.2
-101.11,21.32,LQMGJ,GTO,"La Quemada, Gto.",0.3
-103.22,23.18,LREZC,ZAC,"Gobernador Leobardo Reynoso, Zac.",1.5
-111.35,26.01,LRTBS,BCS,"Observatorio de Loreto, B.C.S.",12.6
-99.12,22.85,LSRTP,TAMP,"La Servilleta, Tamps.",14.6
-97.10,19.65,LVRVC,VER,"Las Vigas de Ramírez, Ver.",2.2
-92.60,17.77,MACTB,TAB,"Macuspana, Tab.",18.7
-99.55,24.57,MAGTP,TAMP,"Magueyes, Tamps.",10.4
-93.60,17.18,MALCP,CHIS,"Nezahualcóyotl, Chis.",20.4
-92.88,15.45,MAPCP,CHIS,"Mapastepec, Chis.",19.5
-95.48,17.45,MAROX,OAX,"María Lombardo, Oax.",17.0
-103.23,25.53,MATCL,COAH,"Matamoros, Coah.",7.5
-100.64,23.66,MATSL,SLP,"Matehuala, S.L.P.",6.1
-97.52,25.83,MATTP,TAMP,"Matamoros, Tamps.",13.6
-98.23,19.01,MAYPB,PUE,"Mayorazgo 21 Poniente, Pue.",5.7
-99.22,19.48,MBLMX,MEX,"Molino Blanco, Méx.",8.5
-101.10,19.70,MCEMC,MICH,"Morelia Centro, Mich.",7.1
-99.37,17.47,MCHGR,GRO,"Mochitlán, Gro.",14.9
-109.00,25.80,MCHSI,SIN,"Los Mochis, Sin.",12.0
-101.42,26.91,MCVCL,COAH,"Observatorio de Monclova, Coah.",10.3
-99.20,26.02,MDRNL,NL,"Madero, N.L.",9.7
-97.84,22.28,MDRTP,TAMP,"Madero, Tamps.",17.6
-97.05,20.07,MDTVC,VER,"Martínez de la Torre, Ver.",14.7
-98.59,25.12,MENTP,TAMP,"Mendez, Tamps.",12.2
-89.65,20.95,MEOYC,YUC,"Observatorio de Mérida, Yuc.",18.9
-99.12,19.42,MERSE,CDMX,"Merced, Cd. de Méx. SGIRPC*",9.3
-96.33,19.15,MFAVC,VER,"Manlio Fabio Altamirano, Ver.",18.1
-103.44,24.29,MGAZC,ZAC,"Miguel Auza, Zac.",3.8
-99.20,19.40,MGHSE,CDMX,"Miguel Hidalgo, Cd. de Méx. SGIRPC*",10.0
-98.71,22.80,MGSTP,TAMP,"Magiscatzín Dos, Tamps.",14.0
-99.43,24.25,MHGTP,TAMP,"Miguel Hidalgo, Tamps.",10.7
-99.40,18.70,MIAMR,MOR,"Miacatlán, Mor.",9.3
-99.16,22.12,MICSL,SLP,"Micos, S.L.P.",14.4
-111.98,26.90,MLGBS,BCS,"Mulegé, B.C.S.",8.6
-100.87,19.83,MLPMC,MICH,"Malpaís, Mich.",3.1
-100.24,25.86,MMAN,NL,"Aeropuerto Internacional del Norte, N.L.*",10.4
-96.26,15.77,MMBT,OAX,"Aeropuerto Internacional de Bahías de Huatulco, Oax.*",21.6
-99.26,18.83,MMCB,MOR,"Aeropuerto Internacional de Cuernavaca, Mor.*",13.7
-107.47,24.76,MMCL,SIN," Aeropuerto Internacional Federal de Culiacán, Sin.*",13.4
-109.83,27.40,MMCN,SON,"Aeropuerto Internacional de Ciudad Obregón, Son.*",9.1
-106.44,31.64,MMCS,CHIH,"Aeropuerto Internacional de Ciudad Juárez, Chih.*",3.6
-105.97,28.70,MMCU,CHIH,"Aeropuerto Internacional de Chihuahua, Chih.*",1.3
-98.96,23.71,MMCV,TAMP,"Aeropuerto Internacional de Ciudad Victoria, Tamps.*",13.2
-110.92,27.97,MMGM,SON,"Aeropuerto Internacional de Guaymas, Son.*",12.9
-111.05,29.09,MMHO,SON,"Aeropuerto Internacional de Hermosillo, Son.*",9.9
-103.58,19.28,MMIA,COL,"Aeropuerto Nacional de Colima, Col.*",19.0
-100.93,25.55,MMIO,COAH,"Aeropuerto Internacional de Saltillo, Coah.*",9.1
-101.48,20.99,MMLO,GTO,"Aeropuerto Internacional de Guanajuato, Gto.*",5.6
-110.37,24.08,MMLP,BCS,"Aeropuerto Internacional de La Paz, B.C.S.*",10.5
-111.35,25.99,MMLT,BCS,"Aeropuerto Internacional de Loreto, B.C.S.*",16.1
-97.53,25.77,MMMA,TAMP,Aeropuerto Internacional de Matamoros Tamps.*,13.8
-115.25,32.63,MMML,BC,"Aeropuerto Internacional de Mexicali, B.C.*",7.9
-101.03,19.85,MMMM,MICH,"Aeropuerto Internacional de Morelia, Mich.*",2.8
-99.07,19.44,MMMX,CDMX,"Aeropuerto Internacional de la Ciudad de México, Cd. de Méx.*",7.1
-100.11,25.78,MMMY,NL,"Aeropuerto Internacional de Monterrey, N.L.*",9.9
-99.57,27.45,MMNL,TAMP,"Aeropuerto Internacional de Nuevo Laredo, Tamps.*",10.8
-96.72,17.00,MMOX,OAX,"Aeropuerto Internacional de Oaxaca, Oax.*",8.1
-97.46,20.60,MMPA,VER,"Aeropuerto de Poza Rica, Ver.*",17.6
-102.04,19.40,MMPN,MICH,"Aeropuerto Internacional de Uruapan, Mich.*",8.9
-100.19,20.62,MMQT,QRO,"Aeropuerto Intercontinental de Querétaro, Qro.*",3.6
-109.72,23.15,MMSD,BCS,"Aeropuerto Internacional de Los Cabos, B.C.S.*",13.4
-109.94,22.95,MMSL,BCS,"Aeródromo Internacional de Cabo San Lucas, B.C.S.",15.9
-100.93,22.26,MMSP,SLP,"Aeropuerto Internacional de San Luis Potosí, S.L.P.*",4.9
-103.40,25.56,MMTC,COAH,"Aeropuerto Internacional de Torreón, Coah.*",11.2
-116.97,32.54,MMTJ,BC,"Aeropuerto Internacional de Tijuana, B.C.*",8.6
-99.57,19.34,MMTO,MEX,"Aeropuerto Internacional de Toluca, Edo. de Méx.*",0.0
-92.37,14.79,MMTP,CHIS,"Aeropuerto Internacional de Tapachula, Chis.*",20.2
-92.82,18.00,MMVA,TAB,"Aeropuerto Internacional de Villahermosa, Tab.*",17.5
-102.68,22.90,MMZC,ZAC,"Aeropuerto Internacional de Zacatecas, Zac.*",2.9
-101.46,17.61,MMZH,GRO,"Aeropuerto Internacional de Ixtapa-Zihuatanejo, Gro.*",20.2
-104.56,19.15,MMZO,COL,"Aeropuerto Internacional de Manzanillo-Costalegre, Col.*",19.2
-102.79,21.81,MNLAG,AGS,"Media Luna, Ags.",0.9
-101.20,19.70,MNOMC,MICH,"Morelia Norte, Mich.",6.6
-104.32,19.04,MNZCM,COL,"Observatorio de Manzanillo, Col.",21.8
-94.77,18.14,MNZVC,VER,"Minzapan, Ver.",17.4
-101.72,20.13,MOCMC,MICH,"Melchor Ocampo, Mich.",4.2
-89.44,21.11,MOCYC,YUC,"Mocochá, Yuc.",16.1
-98.90,19.46,MONSE,MEX,"Montecillo, Méx. SGIRPC*",4.3
-101.18,19.69,MORMC,MICH,"Observatorio de Morelia, Mich.",6.5
-103.36,21.21,MORZC,ZAC,"Mezquital del Oro, Zac.",6.9
-98.99,19.18,MPASE,CDMX,"Milpa Alta, Cd. de Méx. SGIRPC*",10.2
-103.85,25.82,MPMDR,DGO,"Mapimí, Dgo.",7.9
-98.93,26.20,MRGTP,TAMP,"Marte Rodolfo Gómez, Tamps.",11.3
-103.56,22.31,MRSZC,ZAC,"Monte Escobedo, Zac.",-0.2
-100.44,19.89,MRVMC,MICH,"Maravatío, Mich.",2.7
-99.83,25.17,MTMNL,NL,"Montemorelos, N.L.",8.5
-89.29,21.09,MTOYC,YUC,"Motul, Yuc.",16.4
-98.80,21.33,MTPSL,SLP,"Observatorio de Matlapa, S.L.P.",16.1
-100.27,25.68,MTRNL,NL,"Monterrey, N.L.",11.0
-89.71,20.49,MUNYC,YUC,"Muna, Yuc.",17.1
-115.27,32.39,MXCBN,BC,"Mexicali, B.C.",8.4
-99.22,20.24,MXQHD,HGO,"Mixquiahuala, Hgo.",5.3
-100.12,23.42,MYNNL,NL,"Mier y Noriega, N.L.",7.4
-99.00,18.73,MYOMR,MOR,"Moyotepec, Mor.",12.2
-96.83,19.93,MZNVC,VER,"Misantla, Ver.",13.1
-106.40,23.23,MZTSI,SIN,"Observatorio de Mazatlán, Sin.",15.4
-110.14,29.00,MZTSO,SON,"Mazatán, Son.",5.5
-96.87,19.65,NAOVC,VER,"Naolinco, Ver.",9.1
-102.85,21.36,NCTZC,ZAC,"Nochistlán, Zac.",1.8
-109.69,30.37,NCZSO,SON,"Observatorio de Nacozari, Son.",2.3
-99.14,18.52,NEXMR,MOR,"Nexpa, Mor.",8.3
-99.03,19.39,NEZSE,MEX,"Nezahualcóyotl, Méx. SGIRPC*",9.0
-110.95,31.32,NGLSO,SON,"Nogales, Son.",4.6
-102.37,21.78,NGRAG,AGS,"El Niágara, Ags.",2.1
-95.52,18.63,NLTVC,VER,"Naranjal, Lerdo de Tejada, Ver.",18.9
-107.13,27.25,NRGCH,CHIH,"Norogachi, Chih.",-4.3
-99.32,22.52,NRJSL,SLP,"Naranjos, S.L.P.",12.6
-102.62,24.98,NTAZC,ZAC,"Nuevo Tampico, Zac.",3.9
-109.44,27.07,NVJSO,SON,"Navojoa, Son.",9.4
-102.00,22.02,NVLAG,AGS,"El Novillo, Ags.",0.7
-112.85,31.87,NYNSO,SON,"Sonoyta, Son.",4.7
-90.22,19.61,NYXCA,CAMP,"Noh-Yaxché, Camp.",18.8
-104.11,25.23,NZSDR,DGO,"Nazas, Dgo.",1.4
-96.73,17.07,OACOX,OAX,"Oaxaca Centro, Oax.",11.6
-96.70,17.00,OAOOX,OAX,"Observatorio de Aeropuerto Oaxaca, Oax.",9.2
-98.90,18.90,OAXMR,MOR,"Oaxtepec, Mor.",12.5
-102.29,21.85,OBSAG,AGS,"Observatorio de Aguascalientes, Ags.",4.4
-99.22,18.91,OBSMR,MOR,"Observatorio de Cuernavaca, Mor.",12.1
-99.19,19.62,OBSMX,MEX,"San Martín Obispo, Méx.",6.9
-100.30,25.73,OBSNL,NL,"Observatorio de Monterrey, N.L.",11.0
-100.37,20.57,OBSQT,QRO,"Observatorio de Querétaro, Qro.",8.4
-107.44,24.63,OBSSI,SIN,"Observatorio de Culiacán, Sin.",11.4
-102.27,22.58,OCAZC,ZAC,"Ojo Caliente, Zac.",3.9
-101.48,21.65,OCMGJ,GTO,"Ocampo, Gto.",2.9
-98.76,18.88,OCTMR,MOR,"Ocuituco, Mor.",8.3
-99.80,16.80,ODAGR,GRO,"Observatorio de Acapulco, Gro.",21.7
-99.50,17.60,ODZGR,GRO,"Observatorio de Zumpango, Gro.",10.2
-104.41,29.57,OJNCH,CHIH,"Ojinaga, Chih.",1.5
-101.92,21.37,OLMJL,JAL,"Observatorio de Lagos de Moreno, Jal.",8.0
-98.74,17.78,OLNGR,GRO,"Olinalá, Gro.",10.1
-98.51,21.84,OLVVC,VER,"El Olivo, Ver.",14.4
-102.33,19.96,ORAMC,MICH,"Orandino, Mich.",6.5
-110.71,29.23,ORGSO,SON,"El Orégano, Son.",7.4
-98.60,21.17,ORZHD,HGO,"San Felipe Orizatlán, Hgo.",15.2
-97.10,18.85,ORZVC,VER,"Observatorio de Orizaba, Ver.",12.6
-94.40,16.50,OSTOX,OAX,"Ostuta, Oax.",14.9
-96.97,19.55,OTIVC,VER,"Otilpan, Ver.",9.8
-89.39,20.29,OXKYC,YUC,"Oxkutzcab, Yuc.",12.9
-92.75,17.38,OXOTB,TAB,"Oxolotán, Tab.",18.7
-97.53,19.70,OYAPB,PUE,"Oyameles, Pue.",1.5
-104.66,24.24,PA2DR,DGO,"Peña del Águila hidrométrica, Dgo.",0.5
-98.90,24.05,PADTP,TAMP,"Padilla, Tamps.",12.8
-104.66,24.20,PAGDR,DGO,"Peña del Águila, Dgo.",0.4
-105.02,22.38,PAJNR,NAY,"Pajaritos, Nay.",13.5
-101.97,21.92,PALAG,AGS,"Palo Alto, Ags.",2.5
-102.80,22.35,PALZC,ZAC,"Palomas, Zac.",1.5
-99.22,24.99,PAMNL,NL,"La Pamona, N.L.",7.8
-97.80,25.80,PANTP,TAMP,"Pueblo Anáhuac, Tamps.",13.1
-96.08,18.17,PAPOX,OAX,"Papaloapan, Oax.",20.4
-102.18,25.44,PARCL,COAH,"Parras, Coah.",8.7
-102.28,22.15,PBLAG,AGS,"Pabellón, Ags.",4.4
-99.18,19.74,PCGMX,MEX,"Puente Colgante, Méx.",1.0
-91.97,15.85,PCOCP,CHIS,"Puente Concordia, Chis.",14.1
-98.75,20.12,PCOHD,HGO,"Observatorio de Pachuca, Hgo.",4.1
-97.25,18.92,PCRPB,PUE,"Paso Carretas, Pue.",3.2
-101.05,19.49,PDBMC,MICH,"Planta de Bombeo, Mich.",4.1
-104.33,24.54,PDCDR,DGO,"Pánuco de Coronado, Dgo.",1.6
-87.08,20.63,PDCQR,QROO,"Playa del Carmen, Q. Roo.",20.7
-114.73,32.70,PDMBN,BC,"Presa derivadora Morelos, B.C.",7.5
-98.75,23.73,PDMTP,TAMP,"Paso de Molina, Tamps.",12.6
-109.08,29.43,PDNSO,SON,"Paso Nácori, Son.",5.5
-96.14,19.04,PDTVC,VER,"Paso del Toro, Ver.",21.6
-99.73,18.93,PDZMX,MEX,"Porfirio Díaz, Méx.",5.6
-102.42,22.14,PECAG,AGS,"Plutarco Elías Calles, Ags.",5.3
-109.64,28.98,PECSO,SON,"Plutarco Elías Calles, Son.",8.6
-99.20,19.33,PEDSE,CDMX,"Pedregal, Cd. de Méx. SGIRPC*",9.0
-97.81,21.18,PEMVC,VER,"El Moralillo, Ver.",17.1
-93.46,17.45,PENCP,CHIS,"Ángel Albino Corzo, Chis.",20.4
-101.11,20.52,PERGJ,GTO,"Pericos, Gto.",4.8
-98.33,20.06,PERHD,HGO,"La Esperanza, Hgo.",3.4
-97.24,19.58,PERVC,VER,"Perote, Ver.",0.3
-99.45,17.48,PETGR,GRO,"Petaquillas, Gro.",11.3
-88.93,20.13,PETYC,YUC,"Peto, Yuc.",15.9
-99.79,19.83,PFBMX,MEX,"Francisco José Trinidad Fabela, Méx.",-0.9
-93.22,15.69,PIJCP,CHIS,"Pijijiapan, Chis.",21.9
-99.02,24.21,PILTP,TAMP,"Pilón, Tamps.",12.6
-101.40,22.12,PINZC,ZAC,"Pino Suárez, Zac.",0.9
-99.78,19.46,PIRMX,MEX,"Ignacio Ramírez, Méx.",-4.1
-103.36,20.58,PITJL,JAL,"Protección a Infraestructura y Atención a Emergencias, Jal.",9.1
-99.32,18.63,PIXMR,MOR,"Puente de Ixtla, Mor.",9.0
-98.26,18.20,PIXPB,PUE,"Piaxtla, Pue.",9.9
-99.56,24.25,PJMTP,TAMP,"Pedro José Méndez, Tamps.",11.7
-109.93,23.97,PLNBS,BCS,"Los Planes, B.C.S.",10.4
-92.09,18.25,PLZCA,CAMP,"Palizada, Camp.",19.7
-108.58,26.51,PMHSI,SIN,"Miguel Hidalgo, Sin.",9.0
-99.82,21.06,PMLQT,QRO,"Peñamiller, Qro.",9.5
-99.74,20.12,PMNMX,MEX,"El Molino, Méx.",1.7
-110.73,29.21,PMOSO,SON,"Ing. Rodolfo Félix Valdés, Son.",7.5
-102.90,21.71,PMOZC,ZAC,"Los Moraleños, Zac.",7.1
-99.83,21.65,PMYSL,SLP,"Pedro Montoya, S.L.P.",10.4
-98.18,22.06,PNCVC,VER,"Pánuco, Ver.",16.2
-99.86,20.04,PNDMX,MEX,"Ñadó, Méx.",0.5
-100.53,28.71,PNGCL,COAH,"Observatorio de Piedras Negras, Coah.",8.9
-100.88,21.11,PNLGJ,GTO,"Peñuelitas, Gto.",3.0
-103.81,19.33,PNTCM,COL,"Peñitas, Col.",18.0
-92.88,17.85,PNVTB,TAB,"Pueblo Nuevo, Tab.",17.2
-101.60,20.30,PORMC,MICH,"Pastor Ortiz, Mich.",3.9
-100.50,21.22,POZGJ,GTO,"Pozos, Gto.",4.3
-97.32,20.45,PPNVC,VER,"Papantla, Ver.",14.8
-97.48,20.54,PRCVC,VER,"Poza Rica, Ver.",16.0
-99.33,20.36,PRGHD,HGO,"Javier Rojo Gómez, Hgo.",6.3
-99.16,18.77,PROMR,MOR,"Progreso, Mor.",11.4
-89.65,21.28,PROYC,YUC,"Observatorio de Progreso, Yuc.",19.7
-99.31,19.96,PRQHD,HGO,"Requena, Hgo.",4.3
-105.68,26.92,PRRCH,CHIH,"Observatorio de Parral, Chih.",4.6
-101.00,27.42,PRSCL,COAH,"Progreso, Coah.",5.8
-101.29,20.87,PRSGJ,GTO,"La Purísima, Gto.",7.3
-98.36,21.30,PSNVC,VER,"Platón Sánchez, Ver.",15.1
-113.55,31.35,PT2SO,SON,"Observatorio de Puerto Peñasco, Son.",10.2
-96.48,15.67,PTAOX,OAX,"Observatorio de Puerto Ángel, Oax.",21.8
-110.31,28.47,PTASO,SON,"Punta de Agua 2, Son.",4.0
-99.28,19.45,PTLMX,MEX,"Presa Totolica, Méx.",2.2
-102.14,22.20,PTOAG,AGS,"Puerto de la Concepción, Ags.",7.0
-112.12,30.70,PTQSO,SON,"Pitiquito, Son.",2.9
-102.44,22.24,PTRAG,AGS,"Derivadora Pabellón, Ags.",5.5
-98.94,21.85,PUJSL,SLP,"El Pujal, S.L.P.",14.3
-98.17,19.05,PUOPB,PUE,"Observatorio de Puebla, Pue.",5.1
-92.94,17.57,PUYTB,TAB,"Puyacatengo, Tab.",18.4
-99.38,20.44,PVAHD,HGO,"Vicente Aguirre, Hgo.",6.2
-99.58,24.18,PVLTP,TAMP,"Puerto de Valles, Tamps.",8.5
-106.09,28.66,QIJCH,CHIH,"Observatorio de Chihuahua, Chih.",4.4
-106.47,23.56,QLTSI,SIN,"Quelite, Sin.",11.1
-111.02,30.05,QRBSO,SON,"Querobabi, Son.",3.8
-98.50,16.66,QTZGR,GRO,"Quetzala, Gro.",17.4
-97.62,19.25,QUIPB,PUE,"Quimixtlán, Pue.",7.9
-95.63,18.72,RALVC,VER,"Radar Alvarado, Ver.",19.6
-107.76,25.12,RAVSI,SIN,"Estación Rancho Viejo, Sin.",9.2
-109.59,23.59,RBRBS,BCS,"La Ribera, B.C.S.",10.1
-104.56,25.18,RDODR,DGO,"Rodeo, Dgo.",5.1
-104.10,18.94,RDRCM,COL,"Radar, Col.",19.3
-99.60,19.21,RECMX,MEX,"Rectoría, Méx.",6.2
-92.67,15.92,REFCP,CHIS,"Reforma, Chis.",13.6
-93.08,16.16,REVCP,CHIS,"Revolución Mexicana, Chis.",13.5
-99.03,22.84,RFRTP,TAMP,"Río Frío, Tamps.",14.7
-103.03,23.82,RGRZC,ZAC,"Río Grande, Zac.",1.1
-95.48,16.59,RHOOX,OAX,"Río Hondo, Oax.",16.3
-88.16,21.57,RLAYC,YUC,"Río Lagartos, Yuc.",18.5
-95.92,17.73,RMLOX,OAX,"Río Manso Lalana, Oax.",17.7
-97.40,20.12,RNAPB,PUE,"Rancho Nuevo, Pue.",16.3
-99.33,18.77,RODMR,MOR,"El Rodeo, Mor.",14.1
-106.37,26.13,ROSDR,DGO,"La Rosilla, Dgo.",-9.4
-104.90,25.75,RPADR,DGO,"Radar Palmito, Dgo.",3.7
-98.89,21.43,RQTSL,SLP,"Requetemu, S.L.P.",14.6
-97.99,23.26,RSPTP,TAMP,"República Española, Tamps.",15.4
-105.85,22.98,RSRSI,SIN,"Rosario, Sin.",12.5
-100.00,21.93,RVDSL,SLP,"Observatorio de Río Verde, S.L.P.",10.4
-106.38,26.47,RVGCH,CHIH,"El Vergel, Chih.",-4.5
-98.29,26.08,RYATP,TAMP,"S-J-3-42 Reynosa, Tamps.",10.9
-98.88,26.17,RYNTP,TAMP,"S-J-2-9 Reynosa, Tamps.",10.9
-100.58,25.27,SAACL,COAH,"San Antonio de las Alazanas, Coah.",2.8
-92.35,17.57,SAACP,CHIS,"Salto de Agua, Chis.",17.7
-105.44,25.23,SACDR,DGO,"Salomé Acosta, Dgo.",1.1
-97.84,17.16,SACOX,OAX,"San Andrés Chicahuaxtla, Oax.",8.0
-98.91,19.53,SADMX,MEX,"San Andrés, Méx.",3.4
-99.03,19.53,SAGSE,MEX,"San Agustín, Méx. SGIRPC*",9.1
-102.72,20.07,SAHMC,MICH,"Sahuayo, Mich.",5.1
-101.02,25.38,SALCL,COAH,"Observatorio de Saltillo, Coah.",7.4
-93.28,18.00,SAMTB,TAB,"Samaria, Tab.",19.2
-110.06,23.81,SANBS,BCS,"San Antonio, B.C.S.",9.6
-110.00,24.08,SARBS,BCS,"El Sargento, B.C.S.",12.2
-101.85,21.35,SAUJL,JAL,"La Sauceda, Jal.",1.5
-93.38,17.43,SAYCP,CHIS,"Sayula, Chis.",18.2
-104.67,23.87,SB2DR,DGO,"Santiago Bayacora hidrométrica, Dgo.",5.3
-109.84,23.74,SBABS,BCS,"San Bartolo, B.C.S.",9.3
-104.93,23.82,SBBDR,DGO,"Santa Bárbara, Dgo.",-4.2
-99.70,19.47,SBBMX,MEX,"José Antonio Alzate, Méx.",-3.8
-105.53,26.00,SBEDR,DGO,"San Bernardo, Dgo.",-0.1
-91.18,18.97,SBNCA,CAMP,"Sabancuy, Camp.",17.7
-101.12,27.85,SBNCL,COAH,"Sabinas, Coah.",6.1
-108.88,27.41,SBNSO,SON,"San Bernardo, Son.",9.4
-99.09,23.03,SBNTP,TAMP,"Sabinas, Tamps.",13.6
-97.81,20.89,SBTVC,VER,"Sombrerete, Ver.",15.0
-104.68,23.87,SBYDR,DGO,"Santiago Bayacora, Dgo.",5.3
-96.55,17.27,SCIOX,OAX,"Ixtepeji, Oax.",6.5
-103.35,24.47,SCLDR,DGO,"Santa Clara, Dgo.",0.9
-92.63,16.73,SCOCP,CHIS,"Observatorio de San Cristóbal, Chis.",6.5
-92.62,16.74,SCRCP,CHIS,"Puente Morelos, Chis.",6.0
-102.46,20.21,SCRMC,MICH,"San Cristóbal, Mich.",5.8
-95.20,16.18,SCROX,OAX,"Observatorio de Salina Cruz, Oax.",23.7
-98.22,19.11,SCRPB,PUE,"San Cristóbal Caleras, Pue.",3.8
-106.95,24.48,SCRSI,SIN,"Santa Cruz, Sin.",10.9
-98.87,22.78,SDATP,TAMP,"Saca de Agua, Tamps.",14.6
-93.06,16.45,SDOCP,CHIS,"Santo Domingo, Chis.",15.0
-104.05,23.62,SELDR,DGO,"Santa Elena, Dgo.",3.9
-101.22,21.48,SFEGJ,GTO,"San Felipe, Gto.",1.7
-99.26,19.36,SFESE,CDMX,"Santa Fe, Cd. de Méx. SGIRPC*",8.4
-114.85,31.03,SFLBN,BC,"Observatorio de San Felipe, B.C.",9.9
-108.78,26.07,SFRSI,SIN,"Sufragio, Sin.",12.4
-96.53,17.88,SFUOX,OAX,"San Felipe Usila, Oax.",14.7
-105.56,26.44,SGBDR,DGO,"San Gabriel, Dgo.",-0.3
-98.79,23.08,SGBTP,TAMP,"San Gabriel, Tamps.",13.8
-102.50,21.30,SGRJL,JAL,"San Gaspar de los Reyes, Jal.",-2.4
-101.00,22.20,SGRSL,SLP,"Soledad Graciano, S.L.P.",6.3
-99.08,19.47,SJADF,CDMX,"San Juan de Aragón, Cd. de Méx.",6.3
-98.20,19.56,SJATL,TLAX,"San José Atlanga, Tlax.",-1.3
-109.71,23.12,SJCBS,BCS,"San José del Cabo, B.C.S.",11.4
-100.47,17.14,SJEGR,GRO,"San Jerónimo, Gro.",21.3
-102.78,24.63,SJGDR,DGO,"San Juan de Guadalupe, Dgo.",8.5
-99.76,19.24,SJHMX,MEX,"San Juan de las Huertas, Méx.",1.4
-101.02,20.40,SJLGJ,GTO,"Santa Julia, Gto.",4.7
-107.84,25.49,SJNSI,SIN,"San Juan, Sin.",9.1
-93.09,17.56,SJOCP,CHIS,"San Joaquín, Chis.",18.0
-110.24,28.71,SJPSO,SON,"San José de Pimas, Son.",5.5
-100.00,20.36,SJSQT,QRO,"San José, Qro.",6.8
-102.65,19.84,SJUMC,MICH,"San Juanico, Mich.",6.0
-98.87,19.19,SLAMX,MEX,"San Luis Ameca, Méx.",2.3
-99.74,19.59,SLBMX,MEX,"San Bartolo del Llano, Méx.",-1.7
-104.28,25.09,SLCDR,DGO,"San Luis del Cordero, Dgo.",3.8
-114.78,32.48,SLCSO,SON,"San Luis Río Colorado, Son.",7.7
-99.19,18.92,SLDMR,MOR,"Solidaridad, Mor.",12.1
-101.20,20.57,SLMGJ,GTO,"Salamanca, Gto.",6.6
-98.21,23.76,SLMTP,TAMP,"Observatorio de Soto la Marina, Tamps.",12.3
-100.52,21.30,SLPGJ,GTO,"San Luis de la Paz, Gto.",1.9
-101.02,22.15,SLPSL,SLP,"Observatorio de San Luis Potosí, S.L.P.",4.7
-107.10,24.45,SLRSI,SIN,"San Lorenzo, Sin.",13.8
-100.67,20.06,SLSGJ,GTO,"Solís, Gto.",6.5
-106.70,24.12,SLTSI,SIN,"Ing. Aurelio Benassini Vizcaíno, Sin.",11.5
-100.89,20.22,SLVGJ,GTO,"Salvatierra, Gto.",5.3
-98.79,22.94,SLZTP,TAMP,"Lic. Emilio Portes Gil, Tamps.",15.2
-101.02,20.43,SMAGJ,GTO,"San Miguel de Allende, Gto.",3.5
-96.45,17.12,SMAOX,OAX,"San Antonio Cuajimoloyas, Oax.",3.6
-97.91,18.74,SMCPB,PUE,"San Miguel Canoa, Pue.",3.8
-100.95,29.03,SMGCL,COAH,"San Miguel, Coah.",6.4
-92.24,15.78,SMICP,CHIS,"San Miguel, Chis.",13.7
-103.70,27.29,SMJCL,COAH,"Sierra Mojada, Coah.",7.0
-99.80,19.63,SMLMX,MEX,"Santa María del Llano, Méx.",-1.8
-105.37,25.95,SMODR,DGO,"Santa María del Oro, Dgo.",-0.5
-100.75,20.58,SMOGJ,GTO,"San Miguel Octopan, Gto.",6.8
-107.16,24.81,SN2SI,SIN,"Sanalona hidrométrica, Sin.",7.8
-92.82,16.94,SNACP,CHIS,"Santa María, Chis.",16.4
-96.93,17.52,SNAOX,OAX,"Santiago Nacaltepec, Oax.",7.9
-97.68,18.19,SNCOX,OAX,"Santiago Chazumba, Oax.",7.4
-98.86,19.64,SNLMX,MEX,"San Lucas, Méx",1.9
-99.48,16.80,SNMGR,GRO,"San Marcos, Gro.",11.7
-109.71,23.49,SNTBS,BCS,"Santiago, B.C.S.",6.6
-102.11,21.89,SNVAG,AGS,"Sandovales, Ags.",3.6
-103.64,23.64,SOMZC,ZAC,"Observatorio de Sombrerete, Zac.",5.3
-95.03,18.52,SONVC,VER,"Sontecomapan, Ver.",15.4
-102.98,25.76,SPECL,COAH,"San Pedro, Coah.",6.7
-104.29,25.56,SPGDR,DGO,"San Pedro del Gallo, Dgo.",3.4
-105.42,25.04,SPPDR,DGO,"Santiago Papasquiaro, Dgo.",1.7
-91.16,17.79,SPTTB,TAB,"San Pedro, Tab.",18.7
-106.25,23.35,SQRSI,SIN,"Siqueros, Sin.",11.4
-100.55,25.03,SRANL,NL,"San Rafael, N.L.",-0.5
-112.27,27.34,SRLBS,BCS,"Observatorio de Santa Rosalía, B.C.S.",13.9
-111.45,30.39,SRSSO,SON,"Santa Rosa 2, Son.",2.3
-101.07,20.30,SRTGJ,GTO,"Santa Rita, Gto.",4.2
-98.58,19.33,SRTPB,PUE,"Santa Rita Tlahuapan, Pue.",4.6
-102.40,20.10,SSIMC,MICH,"San Simón, Mich.",6.7
-99.27,24.02,STETP,TAMP,"Santa Engracia, Tamps.",10.5
-103.50,22.33,STEZC,ZAC,"Independencia Nacional, Zac.",3.7
-101.02,25.38,STOCL,COAH,"Saltillo, Coah.",9.1
-103.11,22.92,STRZC,ZAC,"Santa Rosa, Zac.",4.2
-97.54,17.73,STTOX,OAX,"Santiago Teotongo, Oax.",3.7
-98.62,21.69,SVTSL,SLP,"San Vicente, S.L.P.",14.9
-99.01,19.25,TAHSE,CDMX,"Tláhuac, Cd. de Méx. SGIRPC*",7.2
-92.24,14.99,TAMCP,CHIS,"Malpaso II, Chis.",19.3
-89.05,20.03,TANYC,YUC,"Tantaquín, Yuc.",13.6
-92.26,14.91,TAPCP,CHIS,"Tapachula, Chis.",22.8
-92.78,17.46,TAPTB,TAB,"Tapijulapa, Tab.",17.8
-96.97,19.45,TAPVC,VER,"Tapachapan, Ver.",12.2
-100.75,20.28,TARGJ,GTO,"Tarimoro, Gto.",6.5
-99.61,18.55,TAXGR,GRO,"Taxco, Gro.",16.0
-102.86,22.12,TAYZC,ZAC,"Ing. Julián Adame Alatorre, Zac.",4.2
-98.86,21.25,TBLSL,SLP,"Tierra Blanca, S.L.P.",14.6
-96.35,18.45,TBLVC,VER,"Tierra Blanca, Ver.",16.8
-99.80,19.34,TBRMX,MEX,"Tres Barrancas, Méx.",-3.1
-107.97,26.94,TBRSI,CHIH,"San Francisco, Chih.",9.7
-102.58,21.45,TCAJL,JAL,"Teocaltiche, Jal.",5.1
-103.88,23.47,TCHZC,ZAC,"Chalchihuites, Zac.",4.9
-103.87,18.91,TCMCM,COL,"Tecomán, Col.",19.2
-99.53,17.17,TCOGR,GRO,"Tierra Colorada, Gro.",19.1
-96.97,19.38,TCOVC,VER,"Teocelo, Ver.",10.9
-106.54,24.70,TDRDR,DGO,"El Tule del Real, Dgo.",14.6
-97.79,20.00,TDRPB,PUE,"Tepango de Rodríguez, Pue.",5.6
-92.97,17.57,TEATB,TAB,"Teapa, Tab.",18.9
-97.75,18.88,TECPB,PUE,"Tecamachalco, Pue.",4.1
-97.40,18.48,TEHPB,PUE,"Tehuacán, Pue.",5.6
-98.78,18.45,TELPB,PUE,"Teotlalco, Pue.",9.5
-101.30,20.60,TEMGJ,GTO,"Temascatío, Gto.",7.6
-99.22,18.86,TEMMR,MOR,"Temixco, Mor.",11.4
-96.41,18.23,TEMOX,OAX,"Presidente Alemán, Oax.",18.8
-103.20,22.17,TENJL,JAL,"Tenasco, Jal.",2.0
-97.81,19.83,TEOPB,PUE,"Tetela de Ocampo, Pue.",5.9
-100.23,20.00,TEPMC,MICH,"Tepuxtepec, Mich.",7.1
-104.89,21.49,TEPNR,NAY,"Observatorio de Tepic, Nay.",12.8
-95.60,16.42,TEQOX,OAX,"Tequisistlán, Oax.",15.0
-99.94,18.93,TESMX,MEX,"Texcaltitlán, Méx.",3.0
-97.36,19.82,TEZPB,PUE,"Teziutlán, Pue.",8.1
-103.46,21.47,TGOZC,ZAC,"Teúl de González Ortega, Zac.",4.0
-102.79,24.56,TGRDR,DGO,"El Tigre, Dgo.",7.2
-100.78,20.52,TGRGJ,GTO,"Tres Guerras, Gto.",5.4
-103.44,26.11,THODR,DGO,"Tlahualilo, Dgo.",5.0
-99.10,18.79,TICMR,MOR,"Ticumán, Mor.",9.8
-89.56,20.40,TICYC,YUC,"Ticul, Yuc.",16.2
-99.31,18.49,TILMR,MOR,"Tilzapotla, Mor.",12.5
-88.17,21.16,TIZYC,YUC,"Tizimín, Yuc.",16.8
-99.91,19.86,TJCMX,MEX,"El Tejocote, Méx.",-1.1
-103.32,20.58,TLAJL,JAL,"Tlaquepaque, Jal.",10.4
-99.20,19.53,TLASE,MEX,"Tlalnepantla, Méx. SGIRPC*",8.4
-102.79,21.56,TLAZC,ZAC,"Tlalchichila, Zac.",4.5
-98.94,19.04,TLCMR,MOR,"Tlacualera, Mor.",3.1
-98.37,20.08,TLGHD,HGO,"Observatorio de Tulancingo, Hgo.",6.7
-103.31,21.77,TLLZC,ZAC,"Tlaltenango, Zac.",1.8
-98.75,18.81,TLOMR,MOR,"Tlacotepec, Mor.",9.1
-98.60,17.50,TLPGR,GRO,"Tlapa, Gro.",11.9
-96.85,18.41,TLPPB,PUE,"Tlacotepec de Díaz, Pue.",15.2
-98.04,20.37,TLXPB,PUE,"Tlaxco, Pue.",14.9
-107.85,28.95,TMCCH,CHIH,"Observatorio de Temósachic, Chih.",-3.6
-104.37,19.98,TMLJL,JAL,"Ramón Corona Madrigal General, Jal.",7.3
-94.16,17.57,TMOVC,VER,"Tierra Morada, Ver.",17.6
-97.88,22.24,TMPTP,TAMP,"Tampico, Tamps.",17.3
-98.41,21.50,TMPVC,VER,"Tempoal, Ver.",14.8
-98.42,22.42,TMSTP,TAMP,"Tamesí, Tamps.",15.1
-98.76,21.24,TMTSL,SLP,"Temamatla, S.L.P.",15.0
-100.30,19.77,TMUMC,MICH,"Tercer Mundo, Mich.",3.5
-106.98,24.93,TMZDR,DGO,"Tamazula, Dgo.",12.0
-99.15,21.82,TNCSL,SLP,"Tanchachín, S.L.P.",15.2
-96.92,19.81,TNCVC,VER,"Tenochtitlán, Ver.",11.8
-102.13,21.81,TNJAG,AGS,"La Tinaja 2, Ags.",3.2
-96.54,15.74,TNMOX,OAX,"Tonameca, Oax.",16.0
-107.38,29.56,TNTCH,CHIH,"El Tintero, Chih.",1.6
-103.45,25.54,TORCL,COAH,"Observatorio de Torreón, Coah.",9.8
-105.85,23.09,TORSI,SIN,"Las Tortugas, Sin.",11.6
-98.92,18.99,TOTMR,MOR,"Totolapan, Mor.",10.3
-96.95,19.23,TOTVC,VER,"Totutla, Ver.",11.2
-109.50,29.53,TPCSO,SON,"Tepache, Son.",7.7
-93.53,15.88,TPICP,CHIS,"Tres Picos, Chis.",19.7
-98.84,18.60,TPLMR,MOR,"Tepalcingo, Mor.",11.5
-99.96,19.66,TPTMX,MEX,"San Andrés Tepetitlán, Méx.",0.0
-97.49,19.49,TPYPB,PUE,"Tepeyahualco, Pue.",1.8
-103.40,18.97,TRJCM,JAL,"Solidaridad, Jal.",14.5
-99.61,19.43,TROMX,MEX,"Trojes, Méx.",0.4
-98.15,21.04,TRRVC,VER,"Terrerillos, Ver.",14.3
-110.21,23.48,TSNBS,BCS,"Todos Santos, B.C.S.",10.1
-109.21,27.66,TSOSO,SON,"Tesocoma, Son.",6.9
-99.28,19.45,TTLMX,MEX,"Totolica hidrométrica, Méx.",6.6
-99.12,19.90,TTQMX,MEX,"Tajo de Tequixquiac, Méx",0.9
-93.10,16.76,TUXCP,CHIS,"Tuxtla Oriente, Chis.",18.0
-96.13,18.08,TUXOX,OAX,"Tuxtepec, Oax.",19.3
-99.39,19.83,TXMHD,MEX,"Taxhimay, Méx.",0.9
-93.13,16.75,TXOCP,CHIS,"Observatorio de Tuxtla Gutiérrez, Chis.",17.4
-97.40,20.96,TXPVC,VER,"Observatorio de Tuxpan, Ver.",16.7
-99.40,17.57,TXTGR,GRO,"Tixtla, Gro.",11.5
-99.10,19.30,UAXSE,CDMX,"UAM Xochimilco, Cd. de Méx. SGIRPC*",6.5
-98.05,20.18,UDSPB,PUE,"Universidad de la Sierra, Pue.",9.2
-99.07,19.36,UIZSE,CDMX,"UAM Iztapalapa, Cd. de Méx. SGIRPC*",9.7
-107.91,27.22,URECH,CHIH,"Urique, Chih.",12.1
-102.14,19.96,UREMC,MICH,"Urepetiro, Mich.",1.6
-88.20,20.69,VALYC,YUC,"Observatorio de Valladolid, Yuc.",18.3
-96.30,17.78,VANOX,OAX,"Valle Nacional, Oax.",16.2
-97.80,25.91,VCATP,TAMP,"Villa Cárdenas, Tamps.",11.8
-110.29,27.64,VCMSO,SON,"Vícam, Son.",5.7
-102.34,23.29,VCOZC,ZAC,"Villa de Cos, Zac.",2.2
-100.62,27.52,VCRCL,COAH,"Venustiano Carranza, Coah.",7.6
-101.18,20.38,VDSGJ,GTO,"Valle de Santiago, Gto.",6.2
-103.85,20.60,VEGJL,JAL,"Ing. Santiago Camarena, Jal.",5.4
-97.68,20.51,VENPB,PUE,"Venustiano Carranza, Pue.",15.3
-96.11,19.15,VERVC,VER,"Observatorio de Veracruz, Ver.",20.0
-98.67,23.96,VGRTP,TAMP,"Vicente Guerrero, Tamps.",13.3
-104.93,26.24,VHGDR,DGO,"Villa Hidalgo, Dgo.",0.8
-101.72,22.35,VHGZC,ZAC,"Villa Hidalgo, Zac.",1.7
-97.80,25.70,VHMTP,TAMP,"Valle Hermoso, Tamps.",12.0
-105.16,26.74,VICCH,CHIH,"Villa Coronado, Chih.",-0.3
-99.10,19.66,VIFSE,MEX,"Villa de las Flores, Méx. SGIRPC*",7.0
-102.18,18.05,VILMC,MICH,"José María Morelos y Pavón, Mich.",22.0
-103.34,21.59,VILZC,ZAC,"José María Morelos, Zac.",8.0
-107.06,24.75,VINSI,SIN,"Vinoramas, Sin.",10.8
-101.45,19.55,VJIMC,MICH,"Villa Jiménez, Mich.",1.5
-102.07,22.10,VJZAG,AGS,"Villa Juárez, Ags.",1.7
-105.51,26.45,VOCDR,DGO,"Villa Ocampo, Dgo.",1.0
-99.55,24.57,VSMTP,TAMP,"Victoria San Marcos, Tamps.",13.2
-96.61,19.02,VTEVC,VER,"Villa Tejeda, Ver.",17.8
-105.81,27.45,VZRCH,CHIH,"Valle de Zaragoza, Chih.",1.7
-99.08,19.53,XALSE,MEX,"Xalostoc, Méx. SGIRPC*",8.9
-96.85,19.55,XCFVC,VER,"Xalapa CFE, Ver.",11.0
-89.86,19.66,XCPCA,CAMP,"Xcupil, Camp.",17.5
-97.96,20.28,XDJPB,PUE,"Xicotepec de Juárez, Pue.",11.8
-100.09,21.30,XICGJ,GTO,"Xichú, Gto.",8.0
-99.19,18.53,XICMR,MOR,"Xicatlacotla, Mor.",10.7
-96.92,19.53,XOBVC,VER,"Observatorio de Xalapa, Ver.",10.4
-98.49,17.90,XXHGR,GRO,"Xochihuehuetlán, Gro.",10.2
-99.05,18.90,YAHMR,MOR,"Yautepec, Mor.",9.8
-93.33,17.12,YAMCP,CHIS,"Yamonhó, Chis.",15.2
-108.93,28.37,YCRSO,SON,"Yécora, Son.",-2.1
-108.17,29.67,YEPCH,CHIH,"Yepachic, Chih.",-0.4
-102.24,20.34,YURMC,MICH,"Yurécuaro, Mich.",4.3
-99.93,17.60,YXTGR,GRO,"Yextla, Gro.",10.5
-95.93,17.15,ZACOX,OAX,"Zacatepec, Oax.",14.0
-102.58,22.76,ZACZC,ZAC,"Zacatecas, Zac.",7.3
-98.39,17.76,ZALOX,OAX,"Zapotitlán Lagunas, Oax.",11.0
-97.39,19.41,ZALVC,VER,"Zalayeta, Ver.",-3.6
-94.22,16.40,ZANOX,OAX,"Zanatepec, Oax.",18.5
-97.82,17.89,ZAPOX,OAX,"Zapotitlán Palmas, Oax.",10.2
-101.80,19.81,ZCAMC,MICH,"Zacapu, Mich.",5.4
-97.59,19.86,ZCPPB,PUE,"Zacapoaxtla, Pue.",7.6
-99.20,18.65,ZCTMR,MOR,"Observatorio de Zacatepec, Mor.",9.8
-101.55,17.65,ZHTGR,GRO,"Zihuatanejo, Gro.",22.9
-101.93,18.92,ZICMC,MICH,"Zicuirán, Mich.",17.3
-97.91,19.20,ZITTL,TLAX,"Zitlaltepec, Tlax.",2.5
-99.50,20.66,ZMPHD,HGO,"Ing. Fernando Hiriart Balderrama, Hgo.",7.7
-108.36,25.74,ZOPSI,SIN,"El Zopilote, Sin.",10.2
-97.01,18.33,ZOQPB,PUE,"Zoquitlán, Pue.",10.7
-100.90,29.03,ZPTCL,COAH,"Zapata, Coah.",5.6
-99.78,23.98,ZRGNL,NL,"Zaragoza, N.L.",7.0
-97.83,20.18,ZRGPB,PUE,"Zaragoza, Pue.",5.1
-98.65,20.65,ZXTHD,HGO,"Zacualtipán, Hgo.",5.9
