LON,LAT,EDO,CLAVE,ESTACION,ago-14
-102.309722,21.895,AGS,AGSAG,"Aguascalientes, Ags.",108.8
-102.585833,22.177222,AGS,ALMAG,"Alamitos, Ags.",133.5
-102.464167,22.188611,AGS,ANVAG,"Cincuenta Aniversario, Ags.",57.2
-102.184167,21.738611,AGS,BRTAG,"San Bartolo, Ags.",115.2
-102.712222,21.849167,AGS,CALVILLO,"Calvillo, Ags. SMN*",107.76
-102.676944,21.9975,AGS,CDRAG,"La Codorniz, Ags.",131.5
-102.197222,22.007222,AGS,CHOAG,"Cañada Honda, Ags.",170.9
-102.711667,21.836667,AGS,CLVAG,"Calvillo, Ags.",182.3
-101.9925,21.897778,AGS,CNSAG,"Los Conos, Ags.",96.7
-102.296944,22.362778,AGS,CSOAG,"Cosío, Ags.",106
-102.356944,22.121667,AGS,JCQAG,"Jocoque, Ags.",73.8
-102.788333,21.8075,AGS,MNLAG,"Media Luna, Ags.",146.73
-102.371667,21.780556,AGS,NGRAG,"El Niágara, Ags.",98.4
-102.001944,22.020556,AGS,NVLAG,"El Novillo, Ags.",46.5
-102.290556,21.850833,AGS,OBSAG,"Observatorio de Aguascalientes, Ags.",89.8
-102.465,22.189167,AGS,P50ANIV,"Presa Cincuenta Aniversario, Ags. SMN*",53
-101.966667,21.916667,AGS,PALAG,"Palo Alto, Ags.",107.5
-102.279167,22.147222,AGS,PBLAG,"Pabellón, Ags.",61
-102.417222,22.141111,AGS,PECAG,"Plutarco Elías Calles, Ags.",98.5
-102.135,22.202778,AGS,PTOAG,"Puerto de la Concepción, Ags.",56.5
-102.4375,22.235,AGS,PTRAG,"Derivadora Pabellón, Ags.",72.7
-102.608611,22.269722,AGS,SIERRAFRIA,"Sierra Fría, Ags. SMN*",131.8
-102.109167,21.885,AGS,SNVAG,"Sandovales, Ags.",84.6
-102.127778,21.807778,AGS,TNJAG,"La Tinaja 2, Ags.",99
-102.0675,22.097778,AGS,VJZAG,"Villa Juárez, Ags.",61.9
-116.204167,32.271944,BC,AGHBN,"Agua Hechicera, B.C.",14.7
-116.908333,32.444722,BC,ALRBN,"Abelardo L. Rodríguez, B.C.",1.3
-113.560278,28.896389,BC,BAABN,"Bahía de los Angeles, B.C. SMN*",0
-114.719167,29.727222,BC,CATAVINA,"Cataviña, B.C. SMN*",1.01
-116.696944,32.479444,BC,CRRBN,"El Carrizo, B.C.",3.7
-116.584444,32.243611,BC,CSRBN,"Carmen Serdán, B.C.",1.5
-116.821111,32.472222,BC,EFLBN,"El Florido, B.C.",0.02
-116.6025,31.890278,BC,ELZBN,"Emilio López Zamora, B.C.",13.51
-115.15,32.411111,BC,ENLBN,"Observatorio de Ejido Nuevo León, B.C.",12.8
-116.302778,32.516389,BC,HNGBN,"El Hongo, B.C.",41.8
-115.1875,28.034444,BC,ISLACEDROSmar,"Isla Cedros, B.C. SEMAR*",14.73
-115.466667,32.55,BC,MXCBN,"Mexicali, B.C.",47.02
-116.908333,32.4475,BC,PABELARLRDGZ2,"Abelardo L. Rodríguez 2, B.C. SMN*",0.75
-114.729444,32.703889,BC,PDMBN,"Presa derivadora Morelos, B.C.",1.8
-116.678333,32.543889,BC,PRTBN,"La Puerta, B.C.",14.2
-116.64,31.704444,BC,PTBBN,"Punta Banda, B.C.",5
-114.839444,31.029167,BC,SFLBN,"Observatorio de San Felipe, B.C.",3.4
-115.9375,30.531111,BC,SQNBN,"San Quintín, B.C. SMN*",0
-114.3,27.1425,BCS,ASUBS,"Bahía Asunción, B.C.S.",164.2
-111.663611,25.009722,BCS,CCNBS,"Observatorio de Ciudad Constitución, B.C.S.",85.6
-109.424444,23.445278,BCS,CPULMO,"Cabo Pulmo, B.C.S. SMN*",22.4
-109.925833,22.8975,BCS,CSLBS,"Cabo San Lucas, B.C.S.",64.5
-113.457778,27.643611,BCS,DORBS,"Díaz Ordaz, B.C.S.",2
-109.697222,23.680556,BCS,LBABS,"Los Barriles, B.C.S.",20
-110.366667,24.15,BCS,LPZBS,"Observatorio de La Paz, B.C.S.",105.9
-111.349167,26.011667,BCS,LRTBS,"Observatorio de Loreto, B.C.S.",11.4
-111.983056,26.896111,BCS,MLGBS,"Mulegé, B.C.S.",23
-109.934167,23.9675,BCS,PLNBS,"Los Planes, B.C.S.",42
-109.591389,23.593056,BCS,RBRBS,"La Ribera, B.C.S.",70.03
-110.059167,23.805,BCS,SANBS,"San Antonio Sur, B.C.S.",207.6
-112.478611,26.2575,BCS,SANJUANICO,"San Juanico, B.C.S. SMN*",0
-109.995,24.083889,BCS,SARBS,"El Sargento, B.C.S.",17.03
-109.843889,23.738333,BCS,SBABS,"San Bartolo, B.C.S.",85.5
-112.111111,24.791667,BCS,SCRBS,"Puerto San Carlos, B.C.S.",164.2
-109.708333,23.118889,BCS,SJCBS,"San José del Cabo, B.C.S.",152
-109.998611,23.555556,BCS,SLAGUNA,"Sierra La Laguna, B.C.S. SMN*",196.4
-112.332778,26.629167,BCS,SMTBS,"San Martín, B.C.S.",164.2
-109.713611,23.490278,BCS,SNTBS,"Santiago, B.C.S.",151.91
-112.272778,27.337778,BCS,SRLBS,"Observatorio de Santa Rosalía, B.C.S.",2.1
-109.986111,23.172222,BCS,SVSBS,"San Vicente de la Sierra, B.C.S.",164.2
-110.210556,23.478889,BCS,TSNBS,"Todos Santos, B.C.S.",123.5
-89.743889,20.003889,CAMP,BOLCA,"Bolonchen, Camp.",171.5
-89.8925,18.365,CAMP,CALAKMUL,"Calakmul, Camp. SMN*",74.4
-90.575556,19.295,CAMP,CANCA,"Canasayab, Camp.",220.5
-91.761389,18.654167,CAMP,CARCA,"El Carmen, Camp.",90.3
-90.72,19.361667,CAMP,CHMCA,"Champotón, Camp.",206.5
-90.558889,19.830556,CAMP,CMPCA,"Campeche, Camp.",262.6
-91.046111,18.184444,CAMP,CNDCA,"Candelaria, Camp.",162
-90.5075,19.836389,CAMP,COBCA,"Observatorio de Campeche, Camp.",226.2
-90.741111,18.604444,CAMP,ESCCA,"Escárcega, Camp.",227.2
-90.105556,20.184167,CAMP,HECCA,"Hecelchakán, Camp.",328.61
-89.848333,19.751944,CAMP,HPOCA,"Hopelchén, Camp.",272.1
-90.221389,19.605833,CAMP,NYXCA,"Noh Yaxché, Camp.",322.51
-92.091944,18.253056,CAMP,PLZCA,"Palizada, Camp.",101.3
-91.175833,18.972778,CAMP,SBNCA,"Sabancuy, Camp.",215
-89.859167,19.664444,CAMP,XCPCA,"Xcupil, Camp.",190.5
-89.396111,18.502222,CAMP,XPJCA,"Xpujil, Camp.",235.9
-107.482778,28.481667,CHIH,AGZCH,"Abraham González, Chih.",81
-107.255556,28.771667,CHIH,BACCH,"Bachíniva, Chih.",265
-106.219444,27.446667,CHIH,BOCADELRIO,"Boca del Río, Chih. SGT*",93.75
-108.206389,28.208889,CHIH,BSSCH,"Basaseachi, Chih.",209.1
-107.723611,27.033611,CHIH,BTPCH,"Batopilas, Chih.",192.6
-106.388333,26.474167,CHIH,C08061,"El Vergel, Chih.",327.2
-106.484722,28.802778,CHIH,C08099,"Majalca, Chih.",215
-108.092778,29.251944,CHIH,C08219,"Peñitas, Chih.",131.5
-107.6975,28.759722,CHIH,C08243,"Tejolocachi, Chih.",87.4
-105.963611,28.773333,CHIH,C08270,"La Mesa, Chih.",67.7
-107.930833,30.376667,CHIH,CAGCH,"Observatorio de Nuevo Casas Grandes, Chih.",134.6
-106.84,28.396667,CHIH,CDCUAUHTEMOC,"Ciudad Cuauhtémoc, Chih. SMN*",254
-105.446944,28.210833,CHIH,CDLCH,"Ciudad Delicias, Chih.",98.32
-108.544722,27.430278,CHIH,CHINIPASCFE,"Chínipas, Chih. CFE*",222.5
-106.400278,31.736667,CHIH,CJZCH,"Ciudad Juárez, Chih.",79.1
-108.541667,27.416667,CHIH,CNDCH,"Chínipas, Chih.",227.51
-105.382222,27.576389,CHIH,COLINA,"Colina, Chih. SGT*",6.25
-107.633333,27.75,CHIH,CRLCH,"Creel, Chih.",213
-106.390278,26.473333,CHIH,ELVERGELSMN,"El Vergel, Chih. SMN*",124.6
-106.119444,28.614722,CHIH,ERECH,"El Rejón, Chih.",28.1
-105.628889,28.166111,CHIH,FIMCH,"Las Vírgenes, Chih.",69.52
-108.3,29.2,CHIH,GPCCH,"Guapoca, Chih.",175.91
-107.320556,26.677222,CHIH,GRCCH,"Guerachi, Chih.",187.1
-108.427222,30.838889,CHIH,JANOS,"Janos, Chih. SMN*",83.6
-104.912778,27.126667,CHIH,JMNCH,"Jiménez, Chih.",51.42
-105.414167,27.544722,CHIH,LBQCH,"La Boquilla, Chih.",40.05
-107.025833,29.88,CHIH,LJSCH,"Las Lajas, Chih.",127.31
-105.28,28.984444,CHIH,LLNCH,"El Granero, Chih.",59.53
-107.994167,27.858611,CHIH,MAGCH,"Maguarichi, Chih. SMN*",227.08
-106.486111,28.803333,CHIH,MAJALCA,"Cumbres de Majalca, Chih. SMN*",296.8
-104.410833,29.565,CHIH,OJNCH,"Ojinaga, Chih.",47.5
-105.254167,26.546389,CHIH,PAGCH,"Pico del Aguila, Chih.",85.02
-105.675556,26.917778,CHIH,PRRCH,"Observatorio de Parral, Chih.",131.62
-106.085556,28.656944,CHIH,QIJCH,"Observatorio de Chihuahua, Chih.",149.6
-106.383333,26.466667,CHIH,RVGCH,"El Vergel, Chih.",112.3
-107.973333,26.9425,CHIH,TB2CH,"Tubares 2, Chih.",220.53
-107.6975,28.759722,CHIH,TEJCH,"Tejolocachi, Chih.",89.8
-107.816667,28.95,CHIH,TEMOSACHICob,"Observatorio de Temósachic, Chih. SMN*",194.2
-107.85,28.95,CHIH,TMCCH,"Observatorio de Temósachic, Chih.",217.33
-107.384167,29.5625,CHIH,TNTCH,"El Tintero, Chih.",158.54
-107.9125,27.216667,CHIH,URECH,"Urique, Chih.",305.71
-105.16,26.738611,CHIH,VICCH,"Villa Coronado, Chih.",149.04
-106.505,30.615556,CHIH,VILLAAHUMADA,"Villa Ahumada, Chih. SMN*",118.6
-105.806944,27.454444,CHIH,VZRCH,"Valle de Zaragoza, Chih.",179.73
-108.166667,29.666667,CHIH,YEPCH,"Yepachic, Chih.",140
-92.804167,16.552778,CHIS,ACACP,"Acala, Chis.",77.4
-92.778889,16.401389,CHIS,ANGCP,"Doctor Belisario Domínguez, Chis.",146.8
-93.8975,16.241111,CHIS,AROCP,"Observatorio de Arriaga, Chis.",198.61
-93.427222,17.253611,CHIS,AZAPACCFE,"Aza Pac, Chis. CFE*",387.9
-91.108333,16.785833,CHIS,BONAMPAK,"Bonampak, Chis. SMN*",1
-93.15,16.641944,CHIS,BOQCP,"Boquerón, Chis.",142.12
-92.731389,15.365556,CHIS,CACCP,"Cacaluta, Chis.",332.22
-92.479167,16.308333,CHIS,CASCP,"Cascajal, Chis.",228.03
-93.100556,16.941667,CHIS,CHICP,"Manuel Moreno Torres, Chis.",220.62
-92.283333,15.75,CHIS,CHMCP,"Chicomuselo, Chis.",337.11
-93.466944,16.441389,CHIS,COBREGONCFE,"Cristóbal Obregón, Chis. CFE*",164.3
-92.133333,16.233333,CHIS,COMITANob,"Observatorio de Comitán, Chis. SMN*",103.6
-92.1,16.2,CHIS,COOCP,"Observatorio de Comitán, Chis.",108.44
-92.135556,16.224444,CHIS,CREDCOMITAN,"Cred Comitán, Chis. PC*",90.3
-92.246111,15.356667,CHIS,CREDMOTOZINTLA,"Cred Motozintla, Chis. SMN*",79.55
-92.864444,16.038611,CHIS,CUXTEPEQUESCFE,"Cuxtepeques, Chis. CFE*",166.2
-92.575,15.204167,CHIS,DESCP,"Despoblado, Chis.",421.53
-92.925278,16.108333,CHIS,DORADOCFE,"El Dorado, Chis. CFE*",254
-92.95,15.495833,CHIS,ELNCP,"El Novillero, Chis.",291.54
-92.8975,15.994444,CHIS,ELPORTILLO,"El Portillo, Chis. SGT*",255.4
-92.808056,15.656667,CHIS,ELTRIUNFO,"El Triunfo, Chis. SMN*",355.4
-92.755278,15.071111,CHIS,ENCRUCIJADA,"La Encrucijada, Chis. SMN*",66.6
-92.829444,17.373056,CHIS,ESCALONCP,"El Escalón, Chis. SGT*",291
-92.655833,15.330833,CHIS,ESCCP,"Escuintla, Chis.",348.8
-93.342222,17.216667,CHIS,EZAPATACFE,"Emiliano Zapata, Chis. CFE*",238.9
-92.325278,15.173889,CHIS,FHACP,"Finca Hamburgo, Chis.",566.5
-93.125,16.975,CHIS,GRICP,"Grijalva, Chis.",144.91
-92.472222,15.133333,CHIS,HUICP,"Huixtla, Chis.",513.5
-92.725,15.866667,CHIS,JAPCP,"Jaltenango, Chis.",334.51
-93.381389,17.364167,CHIS,JGRIJALVACFE,"Túneles Juan de Grijalva, Chis. CFE*",5.7
-92.898611,15.996389,CHIS,JSBCP,"Juan Sabines, Chis.",301.71
-90.702222,16.580833,CHIS,LACCP,"Lacantún, Chis.",113.91
-93.560278,16.692778,CHIS,LASFLORESCFE,"Las Flores, Chis. CFE*",120.8
-93.561111,16.695833,CHIS,LFLCP,"Las Flores, Chis.",126.23
-91.73,16.114444,CHIS,LMONTEBELLO,"Lagunas de Montebello, Chis. SMN*",150.6
-93.598889,17.178611,CHIS,MALCP,"Nezahualcóyotl, Chis.",229.8
-93.604722,17.199444,CHIS,MALPASOCFE,"Malpaso, Chis. CFE*",157.7
-92.883333,15.45,CHIS,MAPCP,"Mapastepec, Chis.",539.54
-93.384444,16.0675,CHIS,MONTERREYCFE,"Monterrey, Chis. CFE*",10.3
-93.150556,17.220556,CHIS,OCOCP,"Ocotepec, Chis.",197.3
-93.150556,17.225833,CHIS,OCOTEPEC,"Ocotepec, Chis. SGT*",239.2
-91.968056,15.848611,CHIS,PCOCP,"Puente Concordia, Chis.",144.21
-93.458611,17.446111,CHIS,PENCP,"Ángel Albino Corzo, Chis.",339.21
-93.216667,15.691667,CHIS,PIJCP,"Pijijiapan, Chis.",387.33
-92.4,14.7,CHIS,PTOCHIAPASmar,"Puerto Chiapas, Chis. SEMAR*",71.47
-93.552778,17.348333,CHIS,RCACP,"Rómulo Calzada, Chis.",262.3
-92.666667,15.916667,CHIS,REFCP,"Reforma, Chis.",309.11
-93.079167,16.158333,CHIS,REVCP,"Revolución Mexicana, Chis.",160.93
-92.35,17.566667,CHIS,SAACP,"Salto de Agua, Chis.",309.1
-93.231111,16.373611,CHIS,SANTUARIOCFE,"Santuario, Chis. CFE*",235.3
-93.383333,17.425,CHIS,SAYCP,"Sayula, Chis.",253.2
-92.603056,16.727222,CHIS,SCCASASCFE,"San Cristóbal de las Casas, Chis. CFE*",15.6
-92.633333,16.733333,CHIS,SCOCP,"Observatorio de San Cristóbal, Chis.",119.7
-92.616667,16.741667,CHIS,SCRCP,"Puente Morelos, Chis.",109.05
-93.056389,16.4525,CHIS,SDOCP,"Santo Domingo, Chis.",108.52
-92.308333,17.028611,CHIS,SITALA,"Sitala, Chis. SGT*",211.5
-93.085,17.561111,CHIS,SJOCP,"San Joaquín, Chis.",412.6
-92.239444,15.775,CHIS,SMICP,"San Miguel, Chis.",212.41
-93.591111,16.152222,CHIS,SMORENACFE,"Sierra Morena, Chis. CFE*",111.4
-92.820833,16.938889,CHIS,SNACP,"Santa María, Chis.",182.63
-93.034167,16.742778,CHIS,SUMIDEROCFE,"Cañón del Sumidero, Chis. CFE*",220.4
-92.243333,14.99,CHIS,TAMCP,"Tapachula Malpaso, Chis.",329.31
-92.260556,14.908056,CHIS,TAPCP,"Tapachula, Chis.",462.52
-93.545833,15.875,CHIS,TPICP,"Tres Picos, Chis.",485.38
-93.577778,16.227222,CHIS,TRESPICOSCFE,"Tres Picos, Chis. CFE*",124.4
-93.1,16.761944,CHIS,TUXCP,"Tuxtla Oriente, Chis.",178.54
-93.086111,16.761667,CHIS,TUXTLACFE,"Tuxtla, Chis. CFE*",133
-93.133333,16.75,CHIS,TXOCP,"Observatorio de Tuxtla Gutiérrez, Chis.",174.23
-93.414167,17.231111,CHIS,TZIMBACCFE,"Tzimbac, Chis. CFE*",285.9
-92.909722,17.178333,CHIS,UNIVERSIDADLIND,"Universidad Lindavista, Chis. SMN*",122.87
-93.270833,16.233333,CHIS,VIFCP,"Villaflores, Chis.",73.54
-92.147222,15.091111,CHIS,VTACANA,"Volcán Tacaná, Chis. SMN*",401.2
-93.330556,17.116667,CHIS,YAMCP,"Yamonhó, Chis.",114.04
-100.837222,28.344444,COAH,ADLCL,"Allende, Coah.",16
-101.057222,29.446944,COAH,AMSCL,"Internacional La Amistad, Coah.",10.9
-100.929722,25.561111,COAH,ARACL,"Ramos Arizpe Aeropuerto, Coah.",27.3
-102.064444,26.983333,COAH,CCGCL,"Cuatro Ciénegas, Coah.",10
-100.950278,29.327778,COAH,CDACL,"Ciudad Acuña, Coah.",7.5
-100.661111,26.844444,COAH,CDLCL,"Candela, Coah.",37
-100.95,29.213611,COAH,CNTCL,"El Centenario, Coah.",9
-103.469167,25.542222,COAH,CYTCL,"Coyote, Coah.",76.11
-100.920833,25.436111,COAH,ESLCL,"Secretaría de Agricultura Saltillo, Coah.",48.4
-103.283889,25.068056,COAH,LFLDR,"La Flor, Coah.",110.5
-101.4225,26.908333,COAH,MCVCL,"Observatorio de Monclova, Coah.",30.8
-101.711389,28.013056,COAH,MORELOSMUZQUIZ,"Morelos Múzquiz, Coah. SMN*",51.2
-100.566667,28.683056,COAH,PNEGRASob,"Observatorio de Piedras Negras, Coah. SMN*",15.6
-100.5325,28.706667,COAH,PNGCL,"Observatorio de Piedras Negras, Coah.",15.6
-101.002222,27.422222,COAH,PRSCL,"Progreso, Coah.",48.5
-100.575556,25.273333,COAH,SAACL,"San Antonio de las Alazanas, Coah.",23
-101.016667,25.376389,COAH,SALCL,"Observatorio de Saltillo, Coah.",131.2
-101.122778,27.846667,COAH,SBNCL,"Sabinas, Coah.",77.5
-100.953889,29.034167,COAH,SMGCL,"San Miguel, Coah.",57
-103.699722,27.285278,COAH,SMJCL,"Sierra Mojada, Coah.",81.7
-102.979444,25.7575,COAH,SPECL,"San Pedro, Coah.",55.88
-101.016667,25.376389,COAH,STOCL,"Saltillo, Coah.",34.1
-103.45,25.541667,COAH,TORCL,"Observatorio de Torreón, Coah.",83.4
-103.45,25.533333,COAH,TORREONob,"Observatorio de Torreón, Coah. SMN*",75.8
-100.616111,27.515,COAH,VCRCL,"Venustiano Carranza, Coah.",126.5
-103.613333,19.249722,COL,BVSCM,"Buenavista, Col.",246.5
-103.726389,18.758611,COL,CDOCM,"Cerro de Ortega, Col.",106.9
-103.702778,19.295,COL,CHNCM,"El Chanal, Col.",114.8
-103.626111,18.826389,COL,CLLCM,"Callejones, Col.",205
-103.720833,19.218333,COL,CMDCM,"Observatorio de Colima, Col.",191.2
-103.757222,19.3175,COL,CMLCM,"Comala, Col.",83.1
-103.733333,19.233333,COL,COLIMAob,"Observatorio de Colima, Col. SMN*",191.2
-103.809167,19.204722,COL,CQMCM,"Coquimatlán, Col.",108.2
-103.605,19.322222,COL,CUACM,"Cuauhtémoc, Col.",187
-103.884167,19.112222,COL,DJLCM,"Presa derivadora Gregorio T. Q. Jala, Col.",214.9
-110.953611,18.726667,COL,ISOCORROmar,"Isla Socorro, Col. SEMAR*",150.17
-103.868056,19.171667,COL,LAECM,"La Esperanza, Col.",55.9
-103.773889,18.803056,COL,LDACM,"Laguna de Amela, Col.",110
-104.316667,19.046389,COL,MANZANILLOob,"Observatorio de Manzanillo, Col. SMN*",155
-104.318611,19.044167,COL,MNZCM,"Observatorio de Manzanillo, Col.",332
-103.8125,19.3275,COL,PNTCM,"Presa derivadora Peñitas, Col.",117.7
-104.1,18.936111,COL,RDRCM,"Radar, Col.",291
-103.700833,19.408333,COL,SCHCM,"Suchitlán, Col.",218.9
-103.855833,18.908056,COL,TCMCM,"Tecomán, Col.",237.5
-103.663333,19.2775,COL,TRPCM,"Trapiche, Col.",125.2
-99.210278,19.218611,DF,AJSDF,"Ajusco, Cd. de Méx.",133.9
-99.171667,19.453333,DF,CBIDF,"Escuela Nacional de Ciencias Biológicas IPN, Cd. de Méx. SMN*",94.9
-99.180556,19.346667,DF,CCUDF,"Universidad, Cd. de Méx.",219.8
-98.999444,19.357222,DF,CDMDF,"Cárcel de Mujeres, Cd. de Méx.",123
-99.1125,19.407778,DF,CDVDF,"Ciudad Deportiva, Cd. de Méx.",125.7
-99.1375,19.516667,DF,CEADF,"Campamento Amealco, Cd. de Méx.",122.4
-99.208333,19.155556,DF,CFSDF,"Caseta Forestal, Cd. de Méx.",162.6
-99.1375,19.469722,DF,CMTDF,"Avenida Cien Metros, Cd. de Méx.",76.2
-99.183333,19.486389,DF,CMYDF,"Campamento Mecoaya, Cd. de Méx.",98.2
-99.196389,19.403611,DF,CTMDF,"Observatorio de Tacubaya, Cd. de Méx.",301.5
-99.09,19.190278,DF,CTNDF,"San Salvador Cuauhtenco, Cd. de Méx.",20.6
-99.09,19.484167,DF,CYLDF,"Coyol, Cd. de Méx.",73.3
-99.205556,19.304722,DF,DATDF,"Desviación Alta, Cd. de Méx.",39
-99.131389,19.431111,DF,DDFDF,"Gobierno de la Ciudad de México, Cd. de Méx.",176.5
-99.309167,19.313333,DF,DTLDF,"Desierto de los Leones, Cd. de Méx.",166.9
-99.151944,19.300556,DF,EAZDF,"Estadio Azteca, Cd. de Méx.",162.5
-99.203889,19.271389,DF,ECOGUARDAS,"Ecoguardas Ajusco, Cd. de Méx. SMN*",140.4
-99.286389,19.3625,DF,EYQDF,"El Yaqui, Cd. de Méx.",65
-99.352222,19.295,DF,EZCDF,"El Zarco, Méx.",20.9
-99.091667,19.478056,DF,GCNDF,"km 6+250 del Gran Canal, Cd. de Méx.",153.7
-99.2625,19.308056,DF,HYTDF,"Huayatla, Cd. de Méx.",215.5
-99.066667,19.377778,DF,LU4DF,"Lumbrera Cuatro Ríos El Moral, Cd. de Méx.",111
-99.3,19.340556,DF,LVNDF,"La Venta, Cd. de Méx.",137.6
-99.283333,19.216667,DF,MAGDF,"Monte Alegre, Cd. de Méx.",160.7
-99.133889,19.403333,DF,MCRDF,"Marcos Carrillo, Cd. de Méx.",145.8
-99.021944,19.190556,DF,MLPDF,"Milpa Alta, Cd. de Méx.",38
-99.233056,19.187778,DF,MZTDF,"Planta Abasolo Mezontepec, Cd. de Méx.",130.3
-99.096389,19.316389,DF,OCSDF,"Organismo de Cuenca Aguas del Valle de México Sur, Cd. de Méx.",178.5
-99.100278,19.379167,DF,PBADF,"Planta de bombeo Aculco, Cd. de Méx.",170.6
-99.057778,19.433333,DF,PBCDF,"Planta de bombeo Churubusco Lago, Cd. de Méx.",98.1
-99.119444,19.486667,DF,PBLDF,"Planta de bombeo Lindavista, Cd. de Méx.",95.4
-99.037778,19.38,DF,PBODF,"Planta de bombeo U.H. Ejército de Oriente, Cd. de Méx.",68.4
-99.170556,19.435556,DF,PBTDF,"Planta de bombeo Tizoc, Cd. de Méx.",167.1
-99.2,19.413056,DF,PCHDF,"Planta Chapultepec, Cd. de Méx.",213.8
-99.097222,19.455833,DF,PGNDF,"Planta Generadora 101, Cd. de Méx.",124.7
-99.076389,19.336944,DF,PLEDF,"Planta de Tratamiento Cerro de La Estrella, Cd. de Méx.",111
-99.068333,19.420278,DF,PLMDF,"Planta de bombeo López Mateos, Cd. de Méx.",75.4
-99.126389,19.365278,DF,PMLDF,"Planta de bombeo Municipio Libre, Cd. de Méx.",139.3
-99.090833,19.246389,DF,PNTDF,"Planta Nativitas, Cd. de Méx.",91.5
-99.264722,19.288611,DF,PRMDF,"Planta de Tratamiento Río de La Magdalena, Cd. de Méx.",160.8
-99.154444,19.513056,DF,PRRDF,"Planta de Tratamiento Río Remedios, Cd. de Méx.",33.1
-99.023056,19.299167,DF,PSCDF,"Planta de Tratamiento Santa Catarina, Cd. de Méx.",50.2
-99.05,19.233333,DF,PSLDF,"Planta San Luis, Cd. de Méx.",99.7
-99.163889,19.468889,DF,PSNDF,"Planta de bombeo Nueva Santa María, Cd. de Méx.",100.7
-99.171111,19.263056,DF,PSPDF,"Pueblo San Pedro Mártir, Cd. de Méx.",46
-99.190278,19.509167,DF,PTRDF,"Planta de Tratamiento Rosario, Cd. de Méx.",121.7
-99.126111,19.285833,DF,PVCDF,"Planta de bombeo Villa Coapa, Cd. de Méx.",35.4
-99.143056,19.331944,DF,PXTDF,"Planta de bombeo Xotepingo, Cd. de Méx.",136.6
-99.194167,19.296111,DF,RBTDF,"Rebombeo Bosque de Tlalpan, Cd. de Méx.",186.4
-99.17,19.4,DF,RCMDF,"Radiocomunicación, Cd. de Méx.",210.8
-99,19.166667,DF,SANDF,"Santa Ana, Cd. de Méx.",8.6
-99.275,19.328611,DF,SBADF,"San Bartolo Ameyalco, Cd. de Méx.",233.7
-99.028889,19.338333,DF,SCMDF,"Rebombeo La Quebradora Santa Cruz Meyehualco, Cd. de Méx.",115.3
-99.122222,19.572222,DF,SGDDF,"Sierra Guadalupe, Cd. de Méx.",1.3
-99.066667,19.466667,DF,SJADF,"San Juan de Aragón, Cd. de Méx.",172
-99.009722,19.281389,DF,SPPDF,"San Pedro Tláhuac, Cd. de Méx.",78.5
-99.1425,19.556111,DF,TCMDF,"Tanque Chalmita, Cd. de Méx.",75.8
-99.272222,19.373056,DF,TECDF,"Tanque el Cartero, Cd. de Méx.",248.3
-99.220833,19.337778,DF,TELDF,"Tanque el Lienzo, Cd. de Méx.",142.9
-99.099722,19.385,DF,TEZDF,"Tezontle, Cd. de Méx. SMN*",125.71
-99.211667,19.399167,DF,TNGDF,"Triángulo, Cd. de Méx.",260
-99.135833,19.199444,DF,TPJDF,"Topilejo, Cd. de Méx.",117.7
-99.084722,19.440833,DF,TPNDF,"Tanque Peñón, Cd. de Méx.",81.7
-99.2125,19.361944,DF,TRGDF,"Tarango, Cd. de Méx.",149
-99.248611,19.316667,DF,TSFDF,"Tanque San Francisco, Cd. de Méx.",236.7
-99.228611,19.436389,DF,TSJDF,"Tanque San Joaquín, Cd. de Méx.",215.8
-99.264444,19.359722,DF,TSLDF,"Santa Fe Santa Lucía, Cd. de Méx.",370.4
-98.970833,19.210278,DF,TTLDF,"Tetelco, Cd. de Méx.",52.9
-104.066111,25.263333,DGO,AM2DR,"Agustín Melgar, Dgo. SMN*",5.5
-104.7,24,DGO,CAGDR,"Campo Agrícola, Dgo.",78.7
-104.810278,24.540278,DGO,CBRDR,"Caboraca, Dgo.",90.7
-104.121111,24.4375,DGO,CGVDR,"Ciudad Guadalupe Victoria, Dgo.",136
-103.521667,25.533333,DGO,CLRDR,"Ciudad Lerdo, Dgo.",110.3
-103.698889,24.871944,DGO,CNCDR,"Cuencamé, Dgo.",73.1
-104.782778,24.518333,DGO,CNTDR,"Canatlán, Dgo.",80.3
-104.599722,24.094722,DGO,DURANGOob,"Observatorio de Durango, Dgo. SMN*",72.8
-103.960833,24.001667,DGO,FVLDR,"Francisco Villa, Dgo.",112.6
-103.773611,25.265278,DGO,FZRDR,"Francisco Zarco, Dgo.",67.9
-105.25,25.5,DGO,GESDR,"General Escobedo, Dgo.",91.03
-105.952222,25.934444,DGO,GNCDR,"Guanaceví, Dgo.",116.5
-104.753056,23.961111,DGO,GVCDR,"Presidente Guadalupe Victoria, Dgo.",81.2
-103.983333,26.549722,DGO,LAFLOR,"La Flor de Jimulco, Dgo. SMN*",13.8
-105.015833,25.594167,DGO,LCRDR,"Lázaro Cárdenas, Dgo.",105.8
-105.466111,24.185833,DGO,LVEDR,"Las Vegas, Dgo. SMN*",154.15
-103.7475,26.686389,DGO,MAPIMI,"Mapimí, Dgo. SMN*",75.4
-103.85,25.816667,DGO,MPMDR,"Mapimí, Dgo.",113.5
-104.113889,25.225556,DGO,NZSDR,"Nazas, Dgo.",40.5
-104.6,24.1,DGO,OBSDR,"Observatorio de Durango, Dgo.",118.5
-104.656667,24.203889,DGO,PAGDR,"Peña del Aguila, Dgo.",116.2
-104.558333,25.181944,DGO,RDODR,"Rodeo, Dgo.",61
-106.366667,26.133333,DGO,ROSDR,"La Rosilla, Dgo.",228
-104.9,25.75,DGO,RPADR,"Radar Palmito, Dgo.",145.01
-105.443056,25.225,DGO,SACDR,"Salomé Acosta, Dgo.",113.01
-104.925833,23.824444,DGO,SBBDR,"Santa Bárbara, Dgo.",116.3
-104.675833,23.874444,DGO,SBYDR,"Santiago Bayacora, Dgo.",102.4
-104.054444,23.623056,DGO,SELDR,"Santa Elena, Dgo.",128.3
-105.560833,26.436667,DGO,SGBDR,"San Gabriel, Dgo.",8
-102.778056,24.630556,DGO,SJGDR,"San Juan de Guadalupe, Dgo.",52.52
-104.276944,25.085,DGO,SLCDR,"San Luis del Cordero, Dgo.",140.4
-105.366667,25.953333,DGO,SMODR,"Santa María del Oro, Dgo.",32.3
-104.2925,25.564167,DGO,SPGDR,"San Pedro del Gallo, Dgo.",69.21
-105.422222,25.0375,DGO,SPPDR,"Santiago Papasquiaro, Dgo.",168.61
-105.566667,26.084444,DGO,SRDDR,"Sardinas, Dgo.",87.01
-106.538056,24.702222,DGO,TDRDR,"El Tule del Real, Dgo.",233.8
-102.785,24.563056,DGO,TGRDR,"El Tigre, Dgo.",68.51
-103.441667,26.1125,DGO,THODR,"Tlahualilo, Dgo.",2.41
-105.725,25.341111,DGO,TLHDR,"Observatorio de Tepehuanes, Dgo.",24.8
-106.975,24.933333,DGO,TMZDR,"Tamazula, Dgo.",154.15
-104.928889,26.2425,DGO,VHGDR,"Villa Hidalgo, Dgo.",161.6
-105.506111,26.447778,DGO,VOCDR,"Villa Ocampo, Dgo.",191.04
-99.906667,16.849722,GRO,ACAGR,"Acapulco, Gro.",403.3
-99.516944,17.576389,GRO,AERGR,"Observatorio de Chilpancingo Aeropuerto, Gro.",197.7
-98.975278,17.719722,GRO,AHUGR,"Ahuacuotzingo, Gro.",184.9
-100.5,18.154167,GRO,AJCGR,"Ajuchitlán, Gro.",205
-100.668611,18.357778,GRO,ALTAMIRANOCFE,"Ciudad Altamirano, Gro. CFE*",188.4
-99.104722,18.106944,GRO,ATENANGOCFE,"Atenango del Río, Gro. CFE*",137.4
-100.433333,17.210278,GRO,ATYGR,"Atoyac, Gro.",261.7
-99.1,16.949444,GRO,AYUGR,"Ayutla, Gro.",380.9
-99.400833,18.459444,GRO,BVSGR,"Buenavista, Gro.",270
-100.658333,18.350556,GRO,CA2GR,"Ciudad Altamirano, Gro. SMN*",0
-100.664444,18.358611,GRO,CALGR,"Ciudad Altamirano, Gro.",244.1
-99.701111,17.672222,GRO,CCHGR,"Chichihualco, Gro.",271
-99.5,17.545278,GRO,CHIGR,"Chilpancingo, Gro.",177.7
-99.175833,17.608611,GRO,CHLGR,"Chilapa, Gro.",193
-98.411944,16.47,GRO,CNLGR,"Cuajinicuilapa, Gro.",253.2
-99.661944,18.245278,GRO,COCGR,"Cocula, Gro.",139
-101.054444,17.376944,GRO,CYQGR,"Coyuquilla, Gro.",147.5
-99.995556,17.947778,GRO,ECAGR,"Ing. Carlos Ramírez Ulloa, Gro.",212.81
-99.516667,17.233333,GRO,EOCGR,"El Ocotito, Gro.",332.9
-99.332778,18.3025,GRO,HTZGR,"Huitzuco, Gro.",284.2
-99.55,18.349722,GRO,IGLGR,"Iguala, Gro.",290.8
-99.524167,18.360278,GRO,IGUALA,"Iguala, Gro. SMN*",236.67
-98.513333,17.6225,GRO,IXTGR,"Ixcateopan de Tlapa, Gro.",178.9
-99.783333,16.966667,GRO,K21GR,"km 21, Gro.",308.3
-101.003056,18.418611,GRO,LCLGR,"La Calera, Gro.",107
-100.018056,16.958333,GRO,LDCGR,"Laguna de Coyuca, Gro.",416.4
-99.235,16.76,GRO,LDGGR,"Las Vigas, Gro.",171.5
-99.503056,18.363333,GRO,LDTGR,"Laguna de Tuxpan, Gro.",277.81
-99.369167,17.471389,GRO,MCHGR,"Mochitlán, Gro.",201.5
-99.799722,16.8,GRO,ODAGR,"Observatorio de Acapulco, Gro.",275.4
-99.5,17.6,GRO,ODZGR,"Observatorio de Zumpango, Gro.",163.5
-98.729722,17.777778,GRO,OLNGR,"Olinalá, Gro.",238
-98.433333,16.683333,GRO,OMEGR,"Ometepec, Gro.",465.6
-98.888333,18.020833,GRO,PAPALUTLACFE,"Papalutla, Gro. CFE*",154.9
-99.45,17.483333,GRO,PETGR,"Petaquillas, Gro.",198
-101.057778,17.272778,GRO,PTOVICENTEmar,"Puerto Vicente, Gro. SEMAR*",133.48
-98.500556,16.655833,GRO,QTZGR,"Quetzala, Gro.",301.9
-99.166111,16.823611,GRO,RMEGR,"Revolución Mexicana, Gro.",131.6
-100.478611,18.171944,GRO,SCRISTOBALCFE,"San Cristóbal, Gro. CFE*",55.6
-100.472778,17.139444,GRO,SJEGR,"San Jerónimo, Gro.",320.5
-99.516944,17.920833,GRO,SJTETELCINGOCFE,"San Juan Tetelcingo, Gro. CFE*",36.3
-99.482778,16.796389,GRO,SNMGR,"San Marcos, Gro.",241.1
-99.605278,18.554444,GRO,TAXGR,"Taxco, Gro.",245.2
-99.526389,17.1675,GRO,TCOGR,"Tierra Colorada, Gro.",511.1
-99.976389,17.789722,GRO,TLAGR,"Tlacotepec, Gro.",265.2
-98.6,17.5,GRO,TLPGR,"Tlapa, Gro.",107.5
-99.399444,17.568056,GRO,TXTGR,"Tixtla, Gro.",210
-100.265833,18.382778,GRO,VGRGR,"Vicente Guerrero, Gro.",207.6
-99.466111,18.295833,GRO,VTRGR,"Valerio Trujano, Gro.",200.1
-98.488333,17.903889,GRO,XXHGR,"Xochihuehuetlán, Gro.",174
-101.548889,17.645278,GRO,ZHTGR,"Zihuatanejo, Gro.",72.14
-101.536667,20.446944,GTO,ABSGJ,"Abasolo, Gto.",93.03
-100.712222,20.0325,GTO,ACNGJ,"Acámbaro, Gto.",215.01
-100.683333,20.533333,GTO,AEGGJ,"Apaseo el Grande, Gto.",68.6
-100.5825,20.553889,GTO,AMCGJ,"Ameche, Gto.",97.52
-101.370833,20.712778,GTO,ANSGJ,"Arandas, Gto.",233.71
-100.620833,20.454167,GTO,APSGJ,"Apaseo el Alto, Gto.",84.8
-101.625556,20.499167,GTO,ATBGJ,"Agua Tibia, Gto.",157.02
-101.631667,21.2925,GTO,BARBOSA,"Barbosa, Gto. Protección Civil*",144.66
-100.816667,20.833333,GTO,BEGGJ,"La Begoña hidrométrica, Gto.",116.8
-101.838333,21.048611,GTO,BRRGJ,"El Barrial, Gto.",57.41
-100.816667,20.536389,GTO,CLYGJ,"Celaya, Gto.",52.41
-101.474722,21.068056,GTO,COMGJ,"Comanjilla, Gto.",85
-100.363333,20.198333,GTO,CORGJ,"Coroneo, Gto.",161.6
-101.630278,20.506667,GTO,CORRALEJO,"Corralejo Hidalgo, Gto. Protección Civil*",104.98
-101.666667,20.616667,GTO,CRMGJ,"Cuerámaro, Gto.",108.3
-100.962778,20.487778,GTO,CRTGJ,"Cortázar, Gto.",65.7
-100.9,20.95,GTO,CSRGJ,"Cinco Señores, Gto.",102.11
-101.6675,21.195278,GTO,CSTGJ,"Los Castillos, Gto.",114.32
-100.933333,21.15,GTO,DHGGJ,"Dolores Hidalgo, Gto.",61.01
-100.9,20.279722,GTO,ECBGJ,"El Cubo, Gto.",128.03
-101.244444,20.872222,GTO,ECHGJ,"El Chapín, Gto.",127.51
-101.37,20.715833,GTO,ECNGJ,"El Conejo, Gto.",239.91
-101.678889,21.173611,GTO,EPLGJ,"El Palote, Gto.",118.92
-101.996667,20.800556,GTO,FRIAS,"Frías, Gto. Protección Civil*",101.19
-101.7425,20.439167,GTO,GLNGJ,"La Golondrina, Gto.",116
-101.266111,21.014722,GTO,GTOGJ,"Observatorio de Guanajuato, Gto.",158.92
-100.825833,20.848056,GTO,IALGJ,"Ignacio Allende, Gto.",186.23
-101.35,20.683333,GTO,IRPGJ,"Irapuato, Gto.",84.02
-100.518333,20.145556,GTO,JCRGJ,"Jerécuaro, Gto.",169.92
-101.844167,20.675278,GTO,LADGJ,"Las Adjuntas, Gto.",132.91
-101.073056,20.286944,GTO,LDYGJ,"Laguna de Yuriria, Gto.",88.01
-101.693333,21.136389,GTO,LENGJ,"León, Gto.",87.03
-101.594444,20.842778,GTO,LGVGJ,"Presa la Gavia, Gto.",93
-101.358889,20.276111,GTO,LJIGJ,"Las Jícamas, Gto.",109.5
-101.107778,21.324167,GTO,LQMGJ,"La Quemada, Gto.",57.7
-101.931111,20.507222,GTO,MABGJ,"Mariano Abasolo, Gto.",93.5
-101.48,21.65,GTO,OCMGJ,"Ocampo, Gto.",66
-101.111389,20.5225,GTO,PERGJ,"Pericos, Gto.",53.93
-100.878333,21.105,GTO,PNLGJ,"Peñuelitas, Gto.",133.7
-100.496111,21.22,GTO,POZGJ,"Pozos, Gto.",62.41
-101.287778,20.867222,GTO,PRSGJ,"La Purísima, Gto.",126
-101.216667,21.483333,GTO,SFEGJ,"San Felipe, Gto.",118.4
-99.831389,21.320833,GTO,SGORDAII,"Sierra Gorda 2, Gto. SMN*",51
-101.016667,20.4,GTO,SJLGJ,"Santa Julia, Gto.",55.6
-101.199444,20.565833,GTO,SLMGJ,"Salamanca, Gto.",48.66
-100.669722,20.055278,GTO,SLSGJ,"Solís, Gto.",185.04
-100.885833,20.216667,GTO,SLVGJ,"Salvatierra, Gto.",92.73
-100.745833,20.577778,GTO,SMOGJ,"San Miguel Octopan, Gto.",32.3
-101.066944,20.298333,GTO,SRTGJ,"Santa Rita, Gto.",82.5
-100.7525,20.284722,GTO,TARGJ,"Tarimoro, Gto.",101.54
-101.3,20.6,GTO,TEMGJ,"Temascatío, Gto.",138.71
-101.178889,20.382778,GTO,VDSGJ,"Valle de Santiago, Gto.",81.01
-100.0925,21.298889,GTO,XICGJ,"Xichú, Gto.",131.82
-98.941667,20.268056,HGO,ACTHD,"Actopan, Hgo.",47.5
-98.348056,21.019444,HGO,ATCHD,"Atlapexco, Hgo.",146.8
-98.716111,20.185556,HGO,ELCHICO,"El Chico, Hgo. SMN*",78.2
-99.36,20.163889,HGO,ENDHD,"Endhó, Hgo.",123
-98.416667,21.15,HGO,HJTHD,"Huejutla, Hgo.",63
-99.706944,20.32,HGO,HUICHAPAN,"Huichapan, Hgo. SMN*",62
-99.220833,20.481944,HGO,IXMHD,"Ixmiquilpan, Hgo.",26.3
-98.128333,20.135556,HGO,LLAHD,"La Laguna, Hgo.",172
-98.757222,20.591667,HGO,LMTHD,"Metztitlán, Hgo.",27.32
-98.131944,20.174722,HGO,LREHD,"Los Reyes, Hgo.",237.3
-99.218611,20.2375,HGO,MXQHD,"Mixquiahuala, Hgo.",49.5
-98.6,21.166667,HGO,ORZHD,"San Felipe Orizatlán, Hgo.",106
-98.7475,20.123333,HGO,PCOHD,"Observatorio de Pachuca, Hgo.",119.6
-98.334722,20.0575,HGO,PERHD,"La Esperanza, Hgo.",61.91
-99.329444,20.359722,HGO,PRGHD,"Javier Rojo Gómez, Hgo.",41
-99.310833,19.963056,HGO,PRQHD,"Requena, Hgo.",68
-99.375833,20.435556,HGO,PVAHD,"Vicente Aguirre, Hgo.",23
-98.369444,20.083333,HGO,TLGHD,"Observatorio de Tulancingo, Hgo.",65.3
-98.658611,20.991667,HGO,TLNHD,"Tlanchinol, Hgo.",158.7
-99.501111,20.663333,HGO,ZMPHD,"Ing. Fernando Hiriart Balderrama, Hgo.",53.9
-98.647222,20.652778,HGO,ZXTHD,"Zacualtipán, Hgo.",61.5
-103.133333,20.316667,JAL,ACHAPALAGDL,"Acueducto Chapala Guadalajara, Jal. SGT*",118.4
-103.228611,22.325833,JAL,ACHZC,"Achimec, Jal.",92.7
-102.436944,21.599444,JAL,AJJJL,"Ajojucar, Jal.",80
-103.091944,20.397222,JAL,ATQJL,"Atequiza, Jal.",116.1
-104.063611,19.914444,JAL,BBAJL,"Basilio Vadillo, Jal.",104.5
-103.724444,22.406111,JAL,BCSJL,"Bocas, Jal.",177.3
-103.782778,21.831667,JAL,BLNJL,"Bolaños, Jal.",150.42
-103.464722,19.730556,JAL,CDGUZMANob,"Observatorio de Ciudad Guzmán, Jal. SMN*",124.6
-103.465278,19.697778,JAL,CGZJL,"Observatorio de Ciudad Guzmán, Jal.",134.4
-103.201944,20.290556,JAL,CHAJL,"Chapala 1, Jal. SMN*",2.8
-102.774167,19.287778,JAL,CHLMC,"Constitución de Apatzingán, Jal.",110.01
-104.561944,19.2375,JAL,CIHJL,"Cihuatlán, Jal.",270.22
-103.361944,22.058889,JAL,CLLJL,"Casa Llanta, Jal.",139.5
-103.25,22.133333,JAL,CLTJL,"Observatorio de Colotlán, Jal.",113
-103.267778,22.107222,JAL,COLOTLANob,"Observatorio de Colotlán, Jal. SMN*",100.8
-105.129722,19.9975,JAL,CPEJL,"Cajón de Peña, Jal.",438.6
-104.780833,20.479722,JAL,CRNJL,"Corrinchis, Jal.",368
-101.7375,21.497778,JAL,CRTJL,"El Cuarenta, Jal.",147.8
-102.7825,20.341389,JAL,CUIJL,"Cuitzeo, Jal.",254.6
-105.218333,20.593333,JAL,CULJL,"Cuale, Jal.",138.5
-102.822778,21.005833,JAL,CUNJL,"La Cuña, Jal.",128.7
-103.45,21.066667,JAL,CXTJL,"Cuixtla, Jal.",199.71
-103.335,20.723333,JAL,EXPJL,"La Experiencia, Jal.",239
-102.766667,20.298056,JAL,FTEJL,"El Fuerte, Jal.",144.61
-103.3925,20.706667,JAL,GUADALAJARAob,"Observatorio de Guadalajara , Jal. SMN*",195.6
-103.354444,20.680556,JAL,GUAJL,"Guadalajara Centro, Jal.",271.61
-103.392778,20.706667,JAL,GUCJL,"Observatorio de Guadalajara, Jal.",223.4
-102.25,20.483333,JAL,HUAJL,"Huascato, Jal.",137.9
-102.705833,20.293889,JAL,JMYJL,"Jamay, Jal.",243.5
-102.558333,20.275556,JAL,LABARCA,"La Barca, Jal. SGT*",128.8
-103.426111,21.048611,JAL,LABOQUILLACFE,"La Boquilla, Jal. CFE*",172.5
-103.644167,20.676389,JAL,LAPRIMAVERA,"La Primavera, Jal. SMN*",194.6
-103.201667,20.290556,JAL,LDCJL,"Lago de Chapala, Jal.",93.7
-101.919722,21.359722,JAL,LDMJL,"Lagos de Moreno, Jal.",54.9
-103.033333,20.316667,JAL,MEZCALA,"Mezcala Poncitlán, Jal. SGT*",3.6
-104.786389,20.525278,JAL,MSCJL,"Mascota, Jal.",343.8
-103.590833,19.592222,JAL,NEVADOCOLIMA,"Nevado de Colima, Jal. SMN*",115.6
-101.916667,21.366667,JAL,OLMJL,"Observatorio de Lagos de Moreno, Jal.",68.5
-102.531667,21.336389,JAL,PELSABINOCFE,"Paso el Sabino, Jal. CFE*",145.3
-103.916667,22.6,JAL,PINJL,"El Pinito, Jal.",262.2
-103.361667,20.584167,JAL,PITJL,"Protección a Infraestructura y Atención a Emergencias Toluquilla, Jal.",113.6
-104.105833,21.196944,JAL,PLYJL,"Ing. Alfredo Elías Ayub, Jal.",186.6
-102.231944,20.491111,JAL,POLJL,"Ing. Guillermo Lugo Sanabria, Jal.",185.9
-104.05,20.55,JAL,RAMJL,"Río Ameca, Jal.",116.2
-102.716667,20.4,JAL,RIOZULA,"Río Zula, Jal. SGT*",110
-101.835556,21.359167,JAL,SA1JL,"La Sauceda, Jal.",53.5
-102.509444,21.284722,JAL,SANGASPARCFE,"San Gaspar, Jal. CFE*",81.5
-101.85,21.35,JAL,SAUJL,"La Sauceda, Jal.",53.5
-102.5,21.3,JAL,SGRJL,"San Gaspar de los Reyes, Jal.",132.91
-103.9175,19.463611,JAL,SMANANTLANI,"Sierra Manatlán 1, Jal. SMN*",104
-103.705556,20.908889,JAL,SRSJL,"Manuel M. Diéguez, Jal.",233.1
-102.583333,21.45,JAL,TCAJL,"Teocaltiche, Jal.",89.9
-104.320278,20.036111,JAL,TCTJL,"Tacotán, Jal.",145.1
-103.198611,22.171944,JAL,TENJL,"Tenasco, Jal.",167.3
-103.316667,20.583333,JAL,TLAJL,"Tlaquepaque, Jal.",183.8
-104.370278,19.976111,JAL,TMLJL,"Ramón Corona Madrigal General, Jal.",118
-103.396667,18.967222,JAL,TRJCM,"Solidaridad, Jal.",247
-102.433056,20.7425,JAL,TULJL,"El Tule, Jal.",153.5
-103.183333,20.15,JAL,TUXCUECA,"Tuxcueca, Jal. SGT*",3.8
-102.941667,19.939722,JAL,VCVJL,"Vicente C. Villaseñor, Jal.",89
-103.845833,20.596389,JAL,VEGJL,"Ing. Santiago Camarena, Jal.",275.2
-103.366667,20.716667,JAL,ZPPJL,"Zapopan, Jal.",184
-103.05,22.05,JAL,ZPTJL,"El Zapote, Jal.",200.5
-99.377222,19.377222,MEX,2RSMX,"Dos Ríos, Méx.",198.31
-98.655278,19.118611,MEX,ALTZOMONI,"Altzomoni, Méx. SMN*",137.4
-99.216667,19.566667,MEX,ARBMX,"Las Arboledas, Méx.",121.62
-98.9125,19.543889,MEX,ATEMX,"Atenco, Méx.",53.91
-99.866667,19.783333,MEX,ATLMX,"Atlacomulco, Méx. SMN*",96.35
-99.866667,19.783333,MEX,ATPMX,"Atlacomulco Prepa., Méx.",139.72
-99.7,19.333333,MEX,CALMX,"Calixtlahuaca, Méx.",186.7
-99.298611,19.406667,MEX,CDBMX,"Caída del Borracho, Méx.",46.4
-100.152778,19.350556,MEX,CHIMX,"Chilesdo, Méx.",185.8
-98.884722,19.483333,MEX,CHPMX,"Chapingo, Méx.",78.2
-99.239444,19.534167,MEX,CLYMX,"Calacoaya, Méx.",158.6
-99.301667,19.695,MEX,CNPMX,"La Concepción, Méx.",118.6
-99.714167,19.291111,MEX,COBMX,"Observatorio de Toluca, Méx.",172.41
-100.225,19.178889,MEX,COLMX,"Colorines, Méx.",134.5
-99.559722,19.884722,MEX,DNXMX,"Danxho, Méx.",135.02
-99.238333,19.453611,MEX,EMOMX,"El Molinito Río Hondo, Méx.",190.2
-98.917222,19.578889,MEX,GRDMX,"La Grande, Méx.",100.92
-99.696944,20.046389,MEX,HPNMX,"Huapango, Méx.",126.62
-98.643056,19.095556,MEX,IXTAPOPO,"Ixtapopo, Méx. SMN*",167.2
-99.05,19.633333,MEX,K27MX,"km 27+250, Méx.",80.02
-100.075833,19.389444,MEX,LBEMX,"Los Berros, Méx.",133.8
-99.220833,19.4775,MEX,MBLMX,"Molino Blanco, Méx.",107.01
-99.683333,19.116667,MEX,NEVMX,"Nevado de Toluca, Méx. SMN*",126.99
-99.184722,19.580833,MEX,PBTMX,"Planta de bombeo Barrientos, Méx.",46.5
-99.017222,19.656667,MEX,PCCMX,"Planta Chiconautla 2, Méx.",81.5
-99.181944,19.743056,MEX,PCGMX,"Puente Colgante, Méx.",98.51
-99.010278,19.636944,MEX,PCTMX,"Planta Chiconautla 1, Méx.",0
-99.728333,18.928333,MEX,PDZMX,"Porfirio Díaz, Méx.",216
-99.790278,19.829167,MEX,PFBMX,"Francisco José Trinidad Fabela, Méx.",125.03
-99.775,19.461667,MEX,PIRMX,"Ignacio Ramírez, Méx.",150.52
-99.248889,19.429444,MEX,PLMMX,"Palmas, Méx.",119.9
-99.260833,19.526944,MEX,PMDMX,"Madín, Méx.",141.4
-99.739722,20.124167,MEX,PMNMX,"El Molino, Méx.",101.03
-99.864444,20.038611,MEX,PNDMX,"Ñadó, Méx.",125.54
-99.268056,19.524444,MEX,PREMX,"Presa Madín, Méx. SMN*",15.48
-99.283333,19.453611,MEX,PTLMX,"Presa Totolica, Méx.",158.9
-99.603333,19.213333,MEX,RECMX,"Rectoría, Méx.",153.71
-98.910556,19.531944,MEX,SADMX,"San Andrés, Méx.",61.02
-99.704722,19.465833,MEX,SBBMX,"José Antonio Alzate, Méx.",168
-99.764722,19.238333,MEX,SJHMX,"San Juan de las Huertas, Méx.",111.9
-98.870833,19.190278,MEX,SLAMX,"San Luis Ameca, Méx.",82.2
-99.741667,19.591667,MEX,SLBMX,"San Bartolo del Llano, Méx.",178
-99.8,19.633333,MEX,SMLMX,"Santa María del Llano, Méx.",169.51
-98.895833,19.258333,MEX,SNLMX,"Chalco San Lucas, Méx.",89.1
-98.960556,19.320833,MEX,SSCDF,"La Caldera Subestación eléctrica Santa Lucía, Méx.",57.4
-99.799167,19.343056,MEX,TBRMX,"Tres Barrancas, Méx.",177.6
-99.935833,18.931389,MEX,TESMX,"Texcaltitlán, Méx.",200.83
-99.905278,19.856944,MEX,TJCMX,"El Tejocote, Méx.",116.9
-99.714167,19.291111,MEX,TOLUCAob,"Observatorio de Toluca, Méx. SMN*",161.8
-99.961389,19.660833,MEX,TPTMX,"San Andrés Tepetitlán, Méx.",111.54
-99.6125,19.428056,MEX,TROMX,"Trojes, Méx.",95.5
-99.243611,19.466389,MEX,TTLMX,"Totolica hidrométrica, Méx.",154.5
-99.123889,19.904722,MEX,TTQMX,"Tajo de Tequixquiac, Méx.",77.3
-99.385278,19.834722,MEX,TXMHD,"Taxhimay, Méx.",110
-100.084722,19.375556,MEX,VALLEDEBRAVO,"Valle de Bravo, Méx. SMN*",123
-100.18,19.2075,MEX,VBRMX,"Valle de Bravo, Méx.",165.9
-99.211667,19.510278,MEX,VDCDF,"Vaso de Cristo, Méx.",138.8
-100.055556,19.461667,MEX,VVCMX,"Villa Victoria, Méx.",139.3
-101.99,20.231389,MICH,ADUMC,"Adjuntas, Mich.",148.31
-100.608889,19.579722,MICH,AGOMC,"Agostitlán, Mich.",238.5
-102.371111,19.083056,MICH,APTMC,"Apatzingán, Mich.",110.5
-102.419167,20.183889,MICH,BIBMC,"Barraje de Ibarra, Mich.",101.4
-100.891111,18.463333,MICH,CAIMANERACFE,"Caimanera, Mich. CFE*",55.6
-101.461389,20.324167,MICH,CBLMC,"Casa Blanca, Mich.",71.24
-102.265278,19.973611,MICH,CHAMC,"Chaparaco, Mich.",179.6
-100.55,19.7,MICH,CHIMC,"Ciudad Hidalgo, Mich.",148.51
-100.9,18.5,MICH,CMNMC,"Caimanera, Mich.",205.2
-101.259167,19.629722,MICH,COIMC,"Cointzio, Mich.",137.92
-101.861667,20.207222,MICH,CORMC,"Corrales, Mich.",80.71
-102.586389,20.253889,MICH,CUUMC,"Cumuato, Mich.",85.4
-100.421111,19.387778,MICH,DBOMC,"El Bosque, Mich.",123.01
-100.45,19.966667,MICH,EGIMC,"El Gigante, Mich.",197.91
-102.541389,19.979167,MICH,GUAMC,"Guaracha, Mich.",88.2
-101.883333,18.266667,MICH,INFMC,"Infiernillo, Mich.",53.21
-102.6,19.958333,MICH,JARMC,"Jaripo, Mich.",100.7
-100.406389,19.838056,MICH,LDFMC,"Laguna del Fresno, Mich.",141.3
-102.865556,19.210833,MICH,LOLMC,"Los Olivos, Mich.",100.03
-102.004444,20.354444,MICH,LPDMC,"La Piedad, Mich.",152.52
-102.133333,18.848611,MICH,LPNMC,"Los Panches, Mich.",105.71
-102.2,18.8,MICH,LPSMC,"La Pastoría, Mich.",81.11
-101.2,18.8,MICH,LPZMC,"Los Pinzanes, Mich.",127.81
-101.1,19.7,MICH,MCEMC,"Morelia Centro, Mich.",71.8
-100.873611,19.829167,MICH,MLPMC,"Malpaís, Mich.",179.01
-101.2,19.7,MICH,MNOMC,"Observatorio de Morelia Norte, Mich.",56.2
-101.724444,20.127222,MICH,MOCMC,"Melchor Ocampo, Mich.",138.8
-101.176111,19.688611,MICH,MORMC,"Morelia DDR 020, Mich.",91.5
-100.439167,19.890833,MICH,MRVMC,"Maravatío, Mich.",225.52
-102.325,19.966667,MICH,ORAMC,"Orandino, Mich.",188.3
-102.058611,18.931111,MICH,PASTORIACFE,"Pastoría, Mich. CFE*",81.8
-101.044167,19.826944,MICH,PDBMC,"Planta de bombeo, Mich.",113.3
-101.6,20.3,MICH,PORMC,"Pastor Ortiz, Mich.",22.8
-100.684167,19.621389,MICH,PUCMC,"Pucuato, Mich.",302
-102.136944,19.961389,MICH,PUREPETIRO,"Presa Urepetiro, Mich. SGT*",131.4
-102.716667,20.066667,MICH,SAHMC,"Sahuayo, Mich.",164.5
-102.464722,20.208333,MICH,SCRMC,"San Cristóbal, Mich.",68.1
-102.651389,19.839444,MICH,SJUMC,"San Juanico, Mich.",252
-102.4,20.1,MICH,SSIMC,"San Simón, Mich.",196
-100.229167,20.000278,MICH,TEPMC,"Tepuxtepec, Mich.",87.6
-100.299167,19.766389,MICH,TMUMC,"Tercer Mundo, Mich.",130.51
-102.137778,19.962222,MICH,UREMC,"Urepetiro, Mich.",203
-102.180278,18.048333,MICH,VILMC,"José María Morelos y Pavón, Mich.",86.82
-101.746944,19.923056,MICH,VJIMC,"Villa Jiménez, Mich.",164.21
-102.283056,20.3375,MICH,YURMC,"Yurécuaro, Mich.",126.8
-102.284167,20.006667,MICH,ZAMMC,"Observatorio de Zamora, Mich.",197.11
-101.795,19.805278,MICH,ZCAMC,"Zacapu, Mich.",122.21
-101.931944,18.921111,MICH,ZICMC,"Zicuirán, Mich.",102.01
-98.829167,18.947222,MOR,ACHMR,"Achichipico, Mor.",113.25
-99.258056,18.734722,MOR,ALUMR,"Alpuyeca, Mor.",195.2
-99.376944,18.596111,MOR,AMCMR,"Amacuzac, Mor.",278
-98.928056,18.936667,MOR,ATLMR,"Atlatlahucan, Mor.",115.1
-98.948889,18.808611,MOR,CUAMR,"Cuautla, Mor.",102.7
-99.2,18.9,MOR,CUEMR,"Cuernavaca, Mor.",276.9
-99.375556,18.701667,MOR,CUTMR,"Cuautlita, Mor.",178
-98.786667,18.690556,MOR,ELPMR,"El Peñón, Mor.",113.6
-99.180278,18.573889,MOR,HIGMR,"Higuerón, Mor.",158.5
-99.424167,18.608333,MOR,HUAMR,"Huajintlán, Mor.",269
-98.75,18.883333,MOR,HUEMR,"Hueyapan, Mor.",168.3
-99.265,19.028889,MOR,HUIMR,"Huitzilac, Mor.",226.3
-99.025,18.44,MOR,HUTMR,"Huautla, Mor.",174.11
-99.158611,18.883611,MOR,IMTMR,"Instituto Mexicano de Tecnología del Agua, Mor. SMN*",72.45
-98.8,18.7,MOR,JNCMR,"Jonacatepec, Mor.",146.4
-99.2,18.6,MOR,JOJMR,"Jojutla, Mor.",186.3
-98.914444,18.683611,MOR,LCUMR,"La Cuera, Mor.",176.6
-99.372778,18.757222,MOR,MIAMR,"Miacatlán, Mor.",196.7
-99.004722,18.727222,MOR,MYOMR,"Moyotepec, Mor.",162.3
-99.140833,18.519444,MOR,NEXMR,"Nexpa, Mor.",190.01
-99.031389,18.923333,MOR,OACMR,"Oacalco, Mor.",126.3
-98.901389,18.900556,MOR,OAXMR,"Oaxtepec, Mor.",124.7
-99.219167,18.908889,MOR,OBSMR,"Observatorio de Cuernavaca, Mor.",261.9
-98.758611,18.8825,MOR,OCTMR,"Ocuituco, Mor.",163
-99.322778,18.633333,MOR,PIXMR,"Puente de Ixtla, Mor.",170.5
-99.331389,18.765278,MOR,RODMR,"El Rodeo, Mor.",175.9
-99.190556,18.918333,MOR,SLDMR,"Solidaridad, Mor.",167
-99.223611,18.856944,MOR,TEMMR,"Temixco, Mor.",119.9
-99.078889,18.950833,MOR,TEPOZTLAN,"Tepoztlán, Mor. SMN*",134.17
-99.306111,18.487778,MOR,TILMR,"Tilzapotla, Mor.",227.1
-98.75,18.813333,MOR,TLOMR,"Tlacotepec, Mor.",156.6
-98.786944,18.778056,MOR,TMCMR,"Temoac, Mor.",80.3
-98.92,18.9875,MOR,TOTMR,"Totolapan, Mor.",124.7
-98.843611,18.596389,MOR,TPLMR,"Tepalcingo, Mor.",208.1
-99.233333,18.983333,MOR,UAEMR,"Escuela de Biología Uaem, Mor.",246.5
-99.190278,18.528889,MOR,XICMR,"Xicatlacotla, Mor.",196.7
-99.050556,18.899167,MOR,YAHMR,"Yautepec, Mor.",125.7
-99.196667,18.651389,MOR,ZCTMR,"Observatorio de Zacatepec, Mor.",172.9
-105.354167,22.49,NAY,ACANR,"Acaponeta, Nay.",328.31
-104.802222,21.839167,NAY,AGMNR,"Aguamilpa Solidaridad, Nay.",155.58
-105.1125,21.831111,NAY,CAPNR,"Capomal, Nay.",323.78
-104.500556,21.942778,NAY,CHAPALAGANACFE,"Chapalagana, Nay. CFE*",59.5
-104.450833,21.428333,NAY,CJNNR,"Leonardo Rodríguez Alcaine, Nay.",212.4
-105.136667,20.889722,NAY,GAVNR,"Gaviotas, Nay.",529.08
-106.536944,21.629722,NAY,ISLASMARIASmar,"Islas Marías, Nay. SEMAR*",178.38
-104.514444,22.250556,NAY,JESUSMARIACFE,"Jesús María, Nay. CFE*",182.7
-104.516944,22.250833,NAY,JMANR,"Jesús María, Nay.",196.31
-105.254167,22.377778,NAY,PAJNR,"Pajaritos, Nay.",289.06
-105.211667,22.119722,NAY,ROMNR,"Rosamorada, Nay.",400.56
-104.8875,21.780833,NAY,RSRNR,"San Rafael, Nay.",581.1
-105.1425,21.958333,NAY,RUINR,"Ruiz, Nay.",538.82
-104.891944,21.489444,NAY,TEPNR,"Observatorio de Tepic, Nay.",312.4
-99.816667,24.1,NL,ARRNL,"Aramberri, N.L.",30.65
-100.343333,25.634167,NL,AS-06,"Arroyo Seco, N.L. SAHM*",68.75
-99.911667,24.321944,NL,ASCNL,"La Ascensión, N.L.",22.53
-99.743889,24.99,NL,CABNL,"Cabezones, N.L.",65.7
-99.578889,24.871944,NL,CAMNL,"Camacho, N.L.",55.31
-99.439444,24.976111,NL,CARNL,"Carmen de los Elizondo Linares, N.L.",80.96
-99.276944,25.711667,NL,CCHNL,"Cuchillo Solidaridad, N.L.",124.7
-99.975,25.590278,NL,CDRNL,"Cadereyta, N.L.",65.54
-99.746944,27.699167,NL,COLOMBIA,"Colombia, N.L. SGT*",2
-99.399722,24.9375,NL,CPRNL,"José López Portillo, N.L.",45.52
-99.6975,24.783611,NL,CRUNL,"Crucitas, N.L.",40.9
-99.614167,26.091389,NL,CRVNL,"Cerralvo, N.L.",35.51
-100.308056,25.732222,NL,CU-09,"Ciudad Universitaria, N.L. SAHM*",23
-100.172778,23.676389,NL,DARNL,"Doctor Arroyo, N.L.",74.2
-100.198056,25.5175,NL,ECSNL,"El Cerrito, N.L.",132.71
-100.245,25.592222,NL,EZ-07,"Estanzuela, N.L. SAHM*",105.25
-100.271944,25.682778,NL,FE-04,"Fierro, N.L. SAHM*",26.6
-100.083333,24.833333,NL,GALNL,"Galeana, N.L.",54.6
-100.128056,25.428056,NL,LBCNL,"Rodrigo Gómez, N.L.",134
-99.527222,25.497222,NL,LERNL,"Las Enramadas, N.L.",60.53
-99.196667,26.022222,NL,MDRNL,"Madero, N.L.",28.52
-100.383611,25.735833,NL,MI-02,"Mitras, N.L. SAHM*",73
-99.833333,25.174167,NL,MTMNL,"Montemorelos, N.L.",27.6
-100.118056,23.4225,NL,MYNNL,"Mier y Noriega, N.L.",58.03
-100.541944,25.701111,NL,OB-05,"Obispo, N.L. SAHM*",23.75
-100.304722,25.733611,NL,OBSNL,"Observatorio de Monterrey, N.L.",27.91
-99.221667,24.992778,NL,PAMNL,"La Pamona, N.L.",15
-100.333056,25.659722,NL,PC-08,"Protección Civil, N.L. SAHM*",59.25
-100.372222,27.429167,NL,PSANL,"Salinillas, N.L.",126.5
-100.240278,25.856944,NL,RADIOSONDEOMTY,"Radiosondeo, Monterrey N.L. SGT*",66.25
-100.551111,25.028333,NL,SRANL,"San Rafael, N.L.",19.07
-100.308333,25.7325,NL,TOPOCHICO,"Topo Chico Monterrey, N.L. SGT*",1.15
-99.777778,23.981389,NL,ZRGNL,"Zaragoza, N.L.",38
-96.53,17.43,OAX,ATEOX,"Atepec, Oax.",55.03
-96.1,17.016667,OAX,AYUOX,"Ayutla, Oax.",163
-96.721667,17.069722,OAX,BAEOX,"Base Aérea, Oax.",126.6
-96.74,17.164167,OAX,BJUAREZ,"Benito Juárez, Oax. SMN*",52.6
-95.929167,16.647222,OAX,BOQOX,"Boquilla 1, Oax.",45.2
-96.263611,17.999167,OAX,CDOOX,"Miguel de la Madrid Hurtado, Oax.",423.9
-94.816667,16.583333,OAX,CHIOX,"Chicapa, Oax.",94.6
-96.658333,18.492778,OAX,CSPOX,"Cosolapa, Oax.",292.91
-96.388889,18.1525,OAX,DPSOX,"Dique Pescaditos, Oax.",340.8
-95.374444,16.434722,OAX,EMAOX,"El Marqués, Oax.",83
-97.776111,17.806667,OAX,HDLOX,"Huajuapan de León, Oax.",98.1
-97.776111,17.806667,OAX,HLOOX,"Observatorio de Huajuapan de León, Oax.",82.7
-95.1,16.583333,OAX,IXTOX,"Ixtepec, Oax.",75.7
-96.2,17.866667,OAX,JACOX,"Jacatepec, Oax.",492.31
-95.397778,16.445556,OAX,JDMOX,"Presidente Benito Juárez, Oax.",157.5
-95.033333,16.433333,OAX,JUCOX,"Juchitán, Oax.",146.4
-95.2,16.6,OAX,KM1OX,"km 33+190, Oax.",74.5
-95.716667,16.416667,OAX,KM2OX,"km 51+740, Oax.",177
-96.905556,18.210556,OAX,LCAOX,"La Carbonera, Oax.",44.4
-95.3,16.4,OAX,LPIOX,"Las Pilas, Oax.",148
-95.483333,17.45,OAX,MAROX,"María Lombardo, Oax.",267.75
-97.249167,17.436667,OAX,NOCHISTLAN,"Nochixtlán, Oax. SMN*",16.01
-96.733333,17.066667,OAX,OACOX,"Oaxaca Centro, Oax.",34.8
-96.7,17.001389,OAX,OAOOX,"Observatorio de Aeropuerto Oaxaca, Oax.",84.5
-94.4,16.5,OAX,OSTOX,"Ostuta, Oax.",161.92
-96.083333,18.166667,OAX,PAPOX,"Papaloapan, Oax.",275.92
-96.716667,17.072778,OAX,PIAOX,"Organismo de Cuenca Pacífico Sur PIAE, Oax.",29.3
-96.483333,15.666667,OAX,PTAOX,"Observatorio de Puerto Angel, Oax.",86.9
-95.916667,17.733333,OAX,RMLOX,"Río Manso Lalana, Oax.",391.5
-97.725,16.102778,OAX,RVEOX,"Río Verde, Oax.",251.8
-95.2,16.183333,OAX,SCROX,"Observatorio de Salina Cruz, Oax.",48.9
-96.533333,17.883333,OAX,SFUOX,"San Felipe Usila, Oax.",375
-96.453611,17.1175,OAX,SMAOX,"San Antonio Cuajimoloyas, Oax.",94.74
-96.55,18.05,OAX,STDOX,"Santo Domingo, Oax.",471.01
-95.2,16.3,OAX,TEHOX,"Tehuantepec, Oax.",80.5
-96.412222,18.232222,OAX,TEMOX,"Presidente Alemán, Oax.",294.7
-95.6,16.416667,OAX,TEQOX,"Tequisistlán, Oax.",84
-96.133333,18.083333,OAX,TUXOX,"Tuxtepec, Oax.",360.65
-96.435278,17.933056,OAX,UCFOX,"Usila CFE, Oax.",444.21
-94.833333,16.45,OAX,UHGOX,"Unión Hidalgo, Oax.",109
-96.3,17.776389,OAX,VANOX,"Valle Nacional, Oax.",419.92
-97.826111,17.724444,OAX,YOSOX,"Yosocuta, Oax.",70.9
-95.93,17.15,OAX,ZACOX,"Zacatepec, Oax.",566.53
-94.216111,16.4025,OAX,ZANOX,"Zanatepec, Oax.",223.6
-97.418056,19.45,PUE,ACHPB,"Alchichica, Pue.",70.76
-97.934167,19.0625,PUE,ACJPB,"Acajete, Pue.",79.7
-98.055,18.277222,PUE,ADOPB,"Acatlán de Osorio, Pue.",36.7
-98.135833,18.9425,PUE,AFRPB,"Africam, Pue.",136.2
-97.920833,18.854167,PUE,AHAPB,"Ahuatepec, Pue.",32
-98.148056,20.033056,PUE,AHUPB,"Ahuazotepec, Pue.",93.7
-97.845,20.406944,PUE,APAPB,"Apapantilla, Pue.",206.71
-98.420833,18.921111,PUE,ATXPB,"Atlixco, Pue.",137.5
-97.881111,20.385833,PUE,AVCPB,"Ávila Camacho, Pue.",72.55
-97.503333,19.961389,PUE,BAIPB,"Buenos Aires CFE, Pue.",317.14
-98.108611,18.9125,PUE,BDDPB,"Manuel Ávila Camacho, Pue.",170.3
-97.441667,18.983889,PUE,CDSPB,"Ciudad Serdán, Pue.",45.5
-97.958333,18.968889,PUE,CEMPB,"Cemex, Pue.",45
-98.579167,18.516111,PUE,CHIPB,"Chietla, Pue.",185.3
-98.318056,19.068611,PUE,CHLPB,"Cholula, Pue.",125.5
-98.567778,18.109722,PUE,CHSPB,"Chila de la Sal, Pue.",126.4
-98.198611,19.022778,PUE,CNAPB,"Conagua, Pue.",191.2
-98.049722,19.743333,PUE,CNGPB,"Chignahuapan, Pue.",119.71
-98.164722,18.612778,PUE,COAPB,"Coatzingo, Pue.",62.3
-98.059444,19.093056,PUE,CPLPB,"Capulac, Pue.",171
-97.516667,20.033333,PUE,CTZPB,"Cuetzalan del Progreso, Pue.",298.34
-98.275556,18.966111,PUE,ECHPB,"Echeverría, Pue.",198
-98.404722,18.187222,PUE,ELFRAILECFE,"El Fraile, Pue. CFE*",7.8
-98.456111,19.101111,PUE,HJTPB,"Huejotzingo, Pue.",71.5
-98.540278,18.772222,PUE,HQCPB,"Huaquechula, Pue.",101
-98.050833,20.176389,PUE,HUAPB,"Huauchinango, Pue.",342.8
-98.72,18.039722,PUE,IXCAMILPACFE,"Ixcamilpa, Pue. CFE*",55.6
-97.815833,19.621667,PUE,IXTPB,"Ixtacamaxtitlán, Pue.",94.01
-98.466389,18.610833,PUE,IZMPB,"Izúcar de Matamoros, Pue.",118
-97.691111,19.457222,PUE,LIBPB,"Libres, Pue.",63
-98.231111,19.010556,PUE,MAYPB,"Mayorazgo 21 Poniente, Pue.",195.1
-96.781389,18.360278,PUE,NARPB,"Naranjastitla, Pue.",613.82
-98.000556,20.216667,PUE,NNEPB,"Necaxa, Pue.",297.1
-97.533333,19.7,PUE,OYAPB,"Oyameles, Pue.",44.05
-97.251389,18.918056,PUE,PCRPB,"Paso Carretas, Pue.",168
-98.264722,18.2,PUE,PIXPB,"Piaxtla, Pue.",112.6
-97.883333,20.233333,PUE,PTLPB,"Patla, Pue.",283.9
-98.166667,19.05,PUE,PUOPB,"Observatorio de Puebla, Pue.",145.1
-97.616667,19.25,PUE,QUIPB,"Quimixtlán, Pue.",246.31
-97.401667,20.116111,PUE,RNAPB,"Rancho Nuevo, Pue.",151.52
-98.22,19.113056,PUE,SCRPB,"San Cristóbal Caleras, Pue.",108.7
-97.91,18.735,PUE,SMCPB,"San Miguel Canoa, Pue.",102
-97.446667,19.960833,PUE,SOLPB,"La Soledad, Pue.",413.75
-98.582222,19.330278,PUE,SRTPB,"Santa Rita Tlahuapan, Pue.",96.2
-97.486389,19.952778,PUE,STLPB,"Sontalaco CFE, Pue.",379.02
-97.7925,20.004444,PUE,TDRPB,"Tepango de Rodríguez, Pue.",166.5
-97.7525,18.878889,PUE,TECPB,"Tecamachalco, Pue.",9.6
-97.395556,18.479167,PUE,TEHPB,"Tehuacán, Pue.",13.02
-98.777222,18.451944,PUE,TELPB,"Teotlalco, Pue.",145.8
-97.805833,19.829444,PUE,TEOPB,"Tetela de Ocampo, Pue.",104.72
-97.9475,20.21,PUE,TEPPB,"Tepexic, Pue.",313.9
-97.36,19.815278,PUE,TEZPB,"Teziutlán, Pue.",212.02
-96.835833,18.405,PUE,TLPPB,"Tlacotepec de Díaz, Pue.",411.51
-97.491944,19.489167,PUE,TPYPB,"Tepeyahualco, Pue.",52
-96.861389,18.483611,PUE,TYAPB,"Tepeyac, Pue.",590.53
-98.050833,20.176389,PUE,UDSPB,"Universidad de la Sierra, Pue.",351.8
-97.668056,20.510278,PUE,VENPB,"Venustiano Carranza, Pue.",35.7
-97.956944,20.277222,PUE,XDJPB,"Xicotepec de Juárez, Pue.",368.1
-97.585,19.859722,PUE,ZCPPB,"Zacapoaxtla, Pue.",113.2
-97.011389,18.332222,PUE,ZOQPB,"Zoquitlán, Pue.",242.02
-97.832778,20.178611,PUE,ZRGPB,"Zaragoza, Pue.",64
-100.424444,20.504167,QRO,BATQT,"El Batán, Qro.",95.3
-100.435556,20.604167,QRO,CARQT,"Carrillo, Qro.",174.52
-100.080278,20.418611,QRO,CNSQT,"Constitución de 1917, Qro.",79.5
-100.453333,20.535,QRO,EPUQT,"El Pueblito, Qro.",140.81
-100.413056,20.567222,QRO,GHQQT,"Gerencia Hidalgo, Qro.",155.01
-100.283056,20.389444,QRO,HUIQT,"Huimilpan, Qro. SMN*",72
-99.9625,20.198611,QRO,IDFQT,"San Ildefonso, Qro.",121.4
-99.479722,21.230278,QRO,JLPQT,"Jalpan, Qro.",56.9
-100.45,20.7,QRO,JRQQT,"Juriquilla, Qro.",91.6
-100.369444,20.563333,QRO,OBSQT,"Observatorio de Querétaro, Qro.",161.43
-99.815,21.055833,QRO,PMLQT,"Peñamiller, Qro.",38.74
-100,20.3625,QRO,SJSQT,"San José, Qro.",79.1
-87.835556,18.28,QROO,AXCALAK,"Arrecifes Xcalak, Q. Roo SMN*",85
-86.820278,21.156667,QROO,CANQR,"Cancún, Q. Roo",48.71
-88.3275,18.500556,QROO,CHETUMALob,"Observatorio de Chetumal, Q. Roo SMN*",46.6
-87.300556,18.755556,QROO,CHINCHORROmar,"Banco Chinchorro, Q. Roo SEMAR*",57.11
-88.3275,18.500556,QROO,CHOQR,"Observatorio de Chetumal, Q. Roo",82.91
-86.775833,21.074444,QROO,CNCQR,"Cancún Radar, Q. Roo SMN*",40.09
-86.946111,20.51,QROO,COZQR,"Cozumel, Q. Roo",129.3
-88.045,19.575556,QROO,FCRQR,"Observatorio de Felipe Carrillo Puerto, Q. Roo",152.01
-87.077778,20.634444,QROO,PDCQR,"Playa del Carmen, Q. Roo",73
-106.654167,24.047222,SIN,ACTSI,"Acatitán, Sin.",374.3
-107.383333,25.090278,SIN,AL2SI,"El Varejonal hidrométrica, Sin.",249.01
-108.7,25.7,SIN,ARCSI,"Adolfo Ruiz Cortines, Sin.",175
-107.466667,25.033333,SIN,AWSSI,"Andrew Weiss, Sin.",265
-107.5375,25.333333,SIN,BDRSI,"Badiraguato, Sin.",356.5
-108.329167,26.736111,SIN,CHXSI,"Observatorio de Choix, Sin.",168.6
-107.4,24.816667,SIN,CLCSI,"Culiacán, Sin.",214.4
-109.333333,26.1,SIN,CRRSI,"El Carrizo, Sin.",139.8
-107.35,24.316667,SIN,DRDSI,"El Dorado, Sin.",80.06
-108.065556,25.484722,SIN,EBLSI,"Lic. Eustaquio Buelna, Sin.",243.5
-108.616667,26.433333,SIN,EFTSI,"El Fuerte, Sin.",234.2
-108.316667,26.083333,SIN,GB2SI,"El Sabinal hidrométrica, Sin.",230.5
-108.3275,26.103056,SIN,GBESI,"Ing. Guillermo Blake Aguilar, Sin.",229.5
-107.911944,25.855278,SIN,GD2SI,"Bacurato hidrométrica de Gustavo Díaz Ordaz, Sin.",341
-108.091667,25.469444,SIN,GMCSI,"Guamúchil, Sin.",249.5
-108.466667,25.716667,SIN,GSVSI,"Guasave, Sin.",137
-107.225,25.344444,SIN,GTNSI,"Guatenipa, Sin.",162.01
-109.301111,25.966111,SIN,HDZSI,"Higuera de Zaragoza, Sin.",57.7
-106.595833,23.955556,SIN,IXPSI,"Ixpalino, Sin.",236.6
-107.059444,24.753611,SIN,JGRSI,"Juan Guerrero Alcocer, Sin.",226.5
-106.807222,24.571667,SIN,JLPSI,"José López Portillo, Sin.",278.4
-108.013889,25.9,SIN,JNASI,"Jaina, Sin.",150.01
-108.7025,26.426944,SIN,JORSI,"Josefa Ortiz de Domínguez, Sin.",210
-106.9,23.916667,SIN,LCRSI,"La Cruz, Sin.",158.5
-109,25.8,SIN,MCHSI,"Los Mochis, Sin.",71.5
-106.4,23.233333,SIN,MZTSI,"Observatorio de Mazatlán, Sin.",181.4
-107.188056,24.251111,SIN,OBISPO,"Obispo, Sin. SMN*",159.51
-107.440556,24.634722,SIN,OBSSI,"Observatorio de Culiacán, Sin.",164.7
-108.58,26.509722,SIN,PMHSI,"Miguel Hidalgo, Sin.",253.5
-106.466667,23.5625,SIN,QLTSI,"Quelite, Sin.",177.3
-107.756111,25.124722,SIN,RAVSI,"Estación Rancho Viejo, Sin.",161
-105.85,22.983333,SIN,RSRSI,"Rosario, Sin.",142
-107.843333,25.485556,SIN,SANJUAN,"San Juan, Sin. SMN*",126.8
-106.952778,24.484722,SIN,SCRSI,"Santa Cruz, Sin.",203
-108.779167,26.073611,SIN,SFRSI,"Sufragio, Sin.",223
-107.8425,25.486667,SIN,SJNSI,"San Juan, Sin.",187.5
-107.1,24.45,SIN,SLRSI,"San Lorenzo, Sin.",192.5
-106.695833,24.121944,SIN,SLTSI,"Ing. Aurelio Benassini Vizcaíno, Sin.",361
-107.158333,24.813889,SIN,SN2SI,"Sanalona hidrométrica, Sin.",235.1
-107.139444,24.800556,SIN,SNLSI,"Sanalona, Sin.",218.6
-106.25,23.35,SIN,SQRSI,"Siqueros, Sin.",182.61
-107.059722,24.751111,SIN,VINSI,"Vinoramas, Sin.",226.5
-108.358611,25.739167,SIN,ZOPSI,"El Zopilote, Sin.",291
-98.558333,21.972222,SLP,AJTSL,"Las Adjuntas, S.L.P.",94.7
-98.955833,21.748889,SLP,BLMSL,"Ballesmi, S.L.P.",55
-99.030833,21.979722,SLP,CDVALLES,"Ciudad Valles, S.L.P. SMN*",5.4
-99.016667,21.983333,SLP,CDVSL,"Ciudad Valles, S.L.P.",78
-100.283056,22.431667,SLP,CTSSL,"Cerritos, S.L.P.",30.5
-99.239444,21.906944,SLP,GANSL,"Gallinas, S.L.P.",85.7
-100.820556,21.88,SLP,IVGSL,"Valentín Gama, S.L.P.",49.11
-98.5575,21.965833,SLP,LASADJUNTASGN,"Las Adjuntas, S.L.P. SGT*",84
-100.665833,23.6475,SLP,MA2SL,"Matehuala, S.L.P. SMN*",26.16
-100.642778,23.656944,SLP,MATSL,"Matehuala, S.L.P.",38.91
-99.159444,22.12,SLP,MICSL,"Micos, S.L.P.",34.91
-98.8,21.333333,SLP,MTPSL,"Observatorio de Matlapa, S.L.P.",195.9
-99.32,22.523333,SLP,NRJSL,"Naranjos, S.L.P.",112
-100.762222,21.849722,SLP,OCTSL,"Ojo Caliente, S.L.P.",49.1
-99.830556,21.651111,SLP,PMYSL,"Pedro Montoya, S.L.P.",73.1
-98.939722,21.847222,SLP,PUJSL,"El Pujal, S.L.P.",135.2
-98.888611,21.425,SLP,RQTSL,"Requetemu, S.L.P.",124.61
-99.995,21.931389,SLP,RVDSL,"Observatorio de Río Verde, S.L.P.",73.5
-101,22.2,SLP,SGRSL,"Soledad Graciano, S.L.P.",17.6
-101.019167,22.148056,SLP,SLPSL,"Observatorio de San Luis Potosí, S.L.P.",44.4
-99.055833,22.02,SLP,STRSL,"Santa Rosa, S.L.P.",11.11
-98.857222,21.246667,SLP,TBLSL,"Tierra Blanca, S.L.P.",224
-98.773333,22.003611,SLP,TMISL,"Observatorio de Tamuín, S.L.P.",79.6
-98.758889,21.241111,SLP,TMTSL,"Temamatla, S.L.P.",192.2
-110.226111,29.825,SON,ACNSO,"Aconchi, Son.",279.5
-111.834444,30.714444,SON,ALTSO,"Observatorio de Altar, Son.",114.52
-109.8925,27.8225,SON,AOBSO,"Alvaro Obregón, Son.",177.02
-109.106667,27.226111,SON,ARCSO,"Adolfo Ruiz Cortines, Son.",200.33
-110.92,29.076667,SON,ARLSO,"Abelardo Rodríguez Luján, Son.",43.7
-110.1675,30.335833,SON,ARZSO,"Arizpe, Son.",149
-110.238611,30.598889,SON,BCNSO,"Bacanuchi, Son.",93.35
-108.931667,30.355278,SON,BCRSO,"Bacerac, Son.",87.53
-109.666667,26.95,SON,BSCSO,"Basconcobe, Son.",46.03
-109.968333,27.3,SON,C1CSO,"Calle Mil Doscientos y Canal Bajo, Son.",232.22
-110.013056,27.483889,SON,C2CSO,"Calle Doscientos y Canal Bajo, Son.",107.51
-109.979722,27.410278,SON,C6CSO,"Calle Seiscientos y Canal Bajo, Son.",136.52
-109.625,27.416667,SON,CCRSO,"Cocoraque, Son.",115.31
-109.904444,27.776667,SON,CHCSO,"Chiculi, Son.",202.52
-111.516389,30.873333,SON,CHTSO,"Cuauhtémoc, Son.",48.01
-109.492222,27.011944,SON,CINSO,"Casa del Ciano, Son.",142.11
-110.736389,29.472222,SON,CJNSO,"El Cajón, Son.",132.02
-110.290833,30.98,SON,CNNSO,"Cananea, Son.",115.11
-109.931944,27.496389,SON,COBSO,"Ciudad Obregón, Son.",170.73
-110.180278,27.300556,SON,CP1SO,"Calle Cuatro y Prolongación Doce, Son.",32.32
-110.248611,27.425556,SON,CP6SO,"Calle Cuatro y Prolongación Seis, Son.",60.5
-109.636944,27.244167,SON,CRCSO,"Cárcamo, Son.",110.01
-108.7625,26.603611,SON,CZNSO,"Cazanate, Son.",207.01
-109.233333,29.2,SON,ECBSO,"El Cubil, Son.",99.4
-109.639722,28.949167,SON,EN2SO,"Novillo 2, Son.",121.42
-110.8,27.95,SON,EPLSO,"Observatorio de Empalme, Son.",77.01
-109.629167,26.906944,SON,ETCSO,"Etchojoa, Son.",98.01
-110.85,27.95,SON,GYMSO,"Guaymas, Son.",130.51
-110.93,29.078333,SON,HERMOSILLOob,"Observatorio de Hermosillo, Son. SMN*",63.6
-110.916667,29.066667,SON,HM2SO,"Observatorio de Hermosillo, Son.",103.7
-110.925833,29.073056,SON,HMNSO,"Hermosillo, Son.",88.35
-109.904167,27.713056,SON,HORSO,"Hornos, Son.",244.01
-108.957222,30.210556,SON,HSHSO,"Huachinera, Son.",149
-109.630556,26.822778,SON,HTBSO,"Huatabampo, Son.",82.01
-110.886944,30.761667,SON,IMRSO,"Imuris, Son.",180.21
-110.396944,28.426389,SON,IRASO,"Ignacio R. Alatorre, Son.",125.02
-109.701944,26.801944,SON,JPRSO,"Júpare, Son.",32
-109.6,27.1,SON,K10SO,"km 108 de Canal Alto, Son.",124.03
-109.896389,27.706667,SON,K14SO,"km 14 de Canal Alto, Son.",252.31
-109.9,27.78,SON,K20SO,"km 20, Son.",118
-108.8725,27.642222,SON,K25SO,"km 25 de Canal Alto, Son.",164.55
-109.346111,27.227778,SON,K38SO,"km 38, Son.",38
-109.873889,27.560278,SON,K39SO,"km 39 de Canal Alto, Son.",292.01
-109.845,27.436389,SON,K58SO,"km 58 de Canal Alto, Son.",134.03
-109.858611,27.354444,SON,K68SO,"km 68 de Canal Alto, Son.",81.58
-109.6,27.1,SON,K81SO,"km 81 de Canal Alto, Son.",86.04
-109.933333,27.483333,SON,K91SO,"km 91 de Canal Alto, Son.",134.53
-112.873056,30.786944,SON,LATSO,"La Té, Son.",116.01
-109.378889,30.437778,SON,LCDSO,"Lázaro Cárdenas, Son.",106.24
-109.710833,26.878611,SON,LNDSO,"Lindero, Son.",12.01
-109.402222,26.806667,SON,MMNSO,"Mumuncuera, Son.",113.01
-109.542778,27.076944,SON,NCHSO,"Nachuquis, Son.",32
-109.6875,30.374444,SON,NCZSO,"Observatorio de Nacozari, Son.",153.01
-110.947222,31.318889,SON,NGLSO,"Nogales, Son.",94.6
-110.936667,31.267222,SON,NNRSO,"El Nainari, Son.",95.51
-109.443333,27.071944,SON,NVJSO,"Navojoa, Son.",166.52
-112.85,31.866667,SON,NYNSO,"Sonoyta, Son.",43.01
-109.083333,29.433333,SON,PDNSO,"Paso Nácori, Son.",141.5
-109.642222,28.976667,SON,PECSO,"Plutarco Elías Calles, Son.",131.93
-109.930278,27.598333,SON,PFDSO,"Porfirio Díaz, Son.",116.8
-110.725556,29.2125,SON,PMOSO,"Ing. Rodolfo Félix Valdés, Son.",141.33
-109.086111,29.419722,SON,PNACORICFE,"Paso Nácori, Son. CFE*",55.6
-113.550833,31.352778,SON,PT2SO,"Observatorio de Puerto Peñasco, Son.",2.02
-110.308333,28.472222,SON,PTASO,"Punta de Agua 2, Son.",81.86
-112.1,30.697778,SON,PTQSO,"Pitiquito, Son.",118
-110.570556,29.710556,SON,RAYSO,"Rayón, Son.",190.3
-108.876667,27.411944,SON,SBNSO,"San Bernardo, Son.",130.36
-109.571667,26.878889,SON,SE2SO,"Sebampo, Son.",221
-110.246944,27.413056,SON,SI2SO,"San Ignacio, Son.",88
-110.348333,28.713333,SON,SJPSO,"San José de Pimas, Son.",109.03
-109.453333,26.918333,SON,SNHSO,"Sinahuiza, Son.",139.5
-109.623611,27.025833,SON,SPESO,"San Pedro, Son.",69
-111.445278,30.394722,SON,SRSSO,"Santa Rosa 2, Son.",187.84
-109.358333,27.171111,SON,TESSO,"Tesia, Son.",154.21
-109.531667,29.534722,SON,TPCSO,"Tepache, Son.",103.63
-109.2125,27.658333,SON,TSOSO,"Tesocoma, Son.",252.7
-110.289722,27.643611,SON,VCMSO,"Vícam, Son.",252.03
-109.841944,27.125556,SON,VJZSO,"Villa Juárez, Son.",47.52
-108.927778,28.371389,SON,YCRSO,"Yécora, Son.",241.92
-91.483333,17.433333,TAB,BDCTB,"Boca del Cerro, Tab.",205.6
-91.491944,17.425556,TAB,BOCADELCERRO,"Boca del Cerro, Tab. SGT*",162
-93.376389,18.001111,TAB,CARTB,"Cárdenas, Tab.",235
-91.229167,17.289722,TAB,CUSUMACINTA,"Cañón Usumacinta, Tab. SMN*",85.4
-91.785278,17.857222,TAB,EMILIANOZAPATA,"Emiliano Zapata, Tab. SGT*",10.7
-92.814722,18.043611,TAB,EPOTB,"El Porvenir, Tab.",143.5
-91.75,17.75,TAB,EZATB,"Emiliano Zapata, Tab.",12.6
-93,17.975,TAB,GONTB,"González, Tab.",131.5
-93.066667,17.966667,TAB,GONZALEZ,"González, Tab. SGT*",112.4
-92.6,17.766667,TAB,MACTB,"Macuspana, Tab.",195.3
-92.929444,17.98,TAB,OBSTB,"Observatorio de Villahermosa, Tab.",123.3
-92.75,17.380556,TAB,OXOTB,"Oxolotán, Tab.",217.7
-93.33,18.42,TAB,PARAISO,"Paraíso, Tab. SMN*",146.75
-92.646389,18.406389,TAB,PCENTLA,"Pantanos de Centla, Tab. SMN*",81.8
-93.879167,17.854167,TAB,PNVTB,"Pueblo Nuevo, Tab.",111.8
-92.877222,18.010833,TAB,PORVENIR,"Porvenir, Tab. SGT*",405.2
-92.9375,17.566667,TAB,PUYTB,"Puyacatengo, Tab.",297.6
-93.275556,17.996944,TAB,SAMTB,"Samaria, Tab.",205.2
-93.861944,18.295,TAB,SANCHEZMAG,"Sánchez Magallanes, Tab. SGT*",67.4
-91.158333,17.791667,TAB,SPTTB,"San Pedro, Tab.",180.4
-92.778611,17.456944,TAB,TAPTB,"Tapijulapa, Tab.",230.7
-92.966667,17.566667,TAB,TEATB,"Teapa, Tab.",262.4
-98.39,24.065556,TAMP,ABSTP,"Abasolo, Tamps.",40.8
-97.925556,22.3875,TAMP,ALTAMIRAob,"Observatorio de Altamira, Tamps. SMN*",66.4
-97.926944,22.386111,TAMP,BALTP,"Bombas Altamira, Tamps.",70.71
-99.123056,24.080556,TAMP,BR1TP,"El Barretal Uno, Tamps.",34.5
-99.215,24.1025,TAMP,BRRTP,"El Barretal, Tamps.",17.42
-98.5975,26.238056,TAMP,CDOTP,"S J 2 18 Ciudad Díaz Ordaz, Tamps.",12.7
-98.983056,22.744444,TAMP,CIUDADMANTE,"Ciudad Mante, Tamps. SMN*",99.75
-98.8,26.25,TAMP,CMGTP,"S J 2 11 Camargo, Tamps.",0
-99.148611,26.430556,TAMP,CMRTP,"Mier, Tamps.",35.6
-97.817778,25.966389,TAMP,CONTP,"Control, Tamps.",32.51
-98.935833,23.939167,TAMP,CORTP,"Corona, Tamps.",41
-99.166667,23.716667,TAMP,CVCTP,"Observatorio de Ciudad Victoria, Tamps.",37.32
-99.1875,23.730278,TAMP,CVTTP,"Ciudad Victoria, Tamps.",30.21
-99.078611,23.384444,TAMP,ENNTP,"La Encantada, Tamps.",104.4
-98.691667,22.605,TAMP,ERCTP,"Estudiante Ramiro Caballero Dorantes, Tamps.",16.8
-98.159167,24.841944,TAMP,FDOTP,"San Fernando, Tamps.",16
-99.170556,26.560278,TAMP,FLCTP,"Internacional Falcón, Tamps.",80
-99.233611,26.408889,TAMP,LBLTP,"Derivadora Las Blancas, Tamps.",1.81
-99.120556,22.852778,TAMP,LSRTP,"La Servilleta, Tamps.",117.4
-99.551944,24.567778,TAMP,MAGTP,"Magueyes, Tamps.",26.8
-97.433333,25.833333,TAMP,MATTP,"Matamoros, Tamps.",22.53
-97.844167,22.283889,TAMP,MDRTP,"Madero, Tamps.",23.5
-99.040833,26.374167,TAMP,MGATP,"S J 1 2 Miguel Alemán, Tamps.",25.4
-98.705556,22.795833,TAMP,MGSTP,"Magiscatzín Dos, Tamps.",27
-99.434444,24.2525,TAMP,MHGTP,"Miguel Hidalgo, Tamps.",12.5
-98.925556,26.204722,TAMP,MRGTP,"Marte Rodolfo Gómez, Tamps.",1.81
-98.903611,24.043889,TAMP,PADTP,"Padilla, Tamps.",28.4
-97.8,25.8,TAMP,PANTP,"Pueblo Anáhuac, Tamps.",61.1
-98.745833,23.726667,TAMP,PDMTP,"Paso de Molina, Tamps.",96.2
-99.019167,24.208056,TAMP,PILTP,"Pilón, Tamps.",31.51
-99.555833,24.2475,TAMP,PJMTP,"Pedro José Méndez, Tamps.",22.51
-99.597778,24.184444,TAMP,PVLTP,"Puerto de Valles, Tamps.",27.32
-98,25.966667,TAMP,RIBTP,"Río Bravo, Tamps.",68.6
-97.991944,23.259444,TAMP,RSPTP,"República Española, Tamps.",28
-98.285833,26.079722,TAMP,RYATP,"S J 3 42 Reynosa, Tamps.",22.31
-98.883333,26.166667,TAMP,RYNTP,"S J 2 9 Reynosa, Tamps.",22.31
-98.869444,22.784444,TAMP,SDATP,"Saca de Agua, Tamps.",43.02
-98.7875,23.084167,TAMP,SGBTP,"San Gabriel, Tamps.",59.5
-98.208889,23.762222,TAMP,SLMTP,"Observatorio de Soto la Marina, Tamps.",10.9
-98.791389,22.943889,TAMP,SLZTP,"Lic. Emilio Portes Gil, Tamps.",19.6
-99.274167,24.0225,TAMP,STETP,"Santa Engracia, Tamps.",21.6
-97.876111,22.238333,TAMP,TMPTP,"Sistema Lagunario del Río Tamesí, Tamps.",59
-98.421944,22.413611,TAMP,TMSTP,"Tamesí, Tamps.",80.6
-97.804167,25.906111,TAMP,VCATP,"Villa Cárdenas, Tamps.",66.32
-98.666389,23.959444,TAMP,VGRTP,"Vicente Guerrero, Tamps.",19.81
-97.8,25.7,TAMP,VHMTP,"Valle Hermoso, Tamps.",75.2
-99.488611,24.303889,TAMP,VILLAGRAN,"Villagrán, Tamps. SMN*",8.8
-99.551111,24.566667,TAMP,VSMTP,"Victoria San Marcos, Tamps.",21.51
-98.131389,19.428611,TLAX,APITL,"Apizaco, Tlax.",177.5
-98.563889,19.586111,TLAX,CPPTL,"Calpulalpan, Tlax.",103.11
-97.769722,19.298889,TLAX,CUATL,"Cuapiaxtla, Tlax.",82.7
-97.647222,19.318056,TLAX,ECTTL,"El Carmen Tequexquitla, Tlax.",106.55
-97.911111,19.315833,TLAX,HMTTL,"Huamantla, Tlax.",85.64
-98.246944,19.324722,TLAX,OBSTL,"Observatorio de Tlaxcala, Tlax.",130.64
-98.200556,19.556111,TLAX,SJATL,"San José Atlanga, Tlax.",187.6
-98.233333,19.316667,TLAX,TLAXCALAob,"Observatorio de Tlaxcala, Tlax. SMN*",124.8
-98.243056,19.219444,TLAX,ZACTL,"Zacatelco, Tlax.",110.61
-97.908056,19.200278,TLAX,ZITTL,"Zitlaltepec, Tlax.",114.59
-96.843889,19.695833,VER,ACAVC,"Acatlán, Ver.",258.03
-96.5875,19.495,VER,ACTVC,"Actopan, Ver.",60.31
-94.144444,18.141667,VER,AGDVC,"Agua Dulce, Ver.",127.04
-97.68,20.93,VER,ALAVC,"Alamo Temapache, Ver.",9.11
-97.234722,19.7625,VER,ALTVC,"Altotonga, Ver.",134.87
-95.4375,18.583333,VER,ARCVC,"Angel Rosario Cabada, Ver.",47.88
-96.944444,19.588889,VER,BANVC,"Banderilla, Ver.",205
-96.933333,19.483333,VER,BRIVC,"Briones, Ver.",230.54
-94.253889,17.954444,VER,CB2VC,"Planta de bombeo 2 de La Cangrejera, Ver.",204.51
-95.8,18.3,VER,CCLVC,"Chacaltianguis, Ver.",151.3
-96.994444,19.332778,VER,CDCVC,"Cosautlán de Carvajal, Ver.",230.9
-96.697778,19.433056,VER,CEGVC,"Cerro Gordo, Ver.",17.4
-96.853611,18.563333,VER,CHMVC,"Chicomapa, Ver.",314.24
-98.155833,21.7375,VER,CHYVC,"Paso de Piedras, Ver.",34.4
-97.878611,21.334444,VER,CITLALTEPEC,"Citlaltepec, Ver. SMN*",12.2
-96.939444,19.453889,VER,COAVC,"Coatepec, Ver.",149.21
-94.4,18.1,VER,COTVC,"Observatorio de Coatzacoalcos, Ver.",238
-96.374444,19.364722,VER,CRDVC,"Cardel, Ver.",180.01
-96.647222,19.320278,VER,CRRVC,"Carrizal, Ver.",91.81
-95.295833,18.144444,VER,CTTVC,"Cuatotolapan, Ver.",189.53
-96.36,19.405833,VER,ENRVC,"El Naranjillo, Ver.",115.02
-97.399167,20.2575,VER,ESPVC,"El Espinal, Ver.",69.71
-96.158333,19.067222,VER,ETEVC,"El Tejar, Ver.",113.61
-95.556944,18.270556,VER,GARVC,"Garro, Ver.",143.12
-98.459167,21.773611,VER,HGOVC,"El Higo, Ver.",57.4
-98.2875,21.194444,VER,HLSVC,"Los Hules, Ver.",75.01
-96.950833,19.181667,VER,HTSVC,"Huatusco, Ver.",242.51
-98.483333,20.533333,VER,HUYVC,"Huayacocotla, Ver.",89.5
-96.554167,19.404167,VER,IDOVC,"Ídolos, Ver.",86.41
-96.884444,19.604722,VER,INCVC,"Ingenio Concepción, Ver.",222.3
-97.2175,21.471667,VER,ISLALOBOSmar,"Isla Lobos, Ver. SEMAR*",71.29
-94.666667,17.95,VER,JALVC,"Jáltipan, Ver.",290.8
-95.033333,17.433333,VER,JCRVC,"Jesús Carranza, Ver.",231.01
-94.088889,17.873611,VER,JDCVC,"San José del Carmen, Ver.",303.5
-97.021111,19.603611,VER,JOYVC,"La Joya, Ver.",381.91
-95.359722,18.25,VER,LAUVC,"Lauchapan, Ver.",132.7
-94.330833,18.109444,VER,LCAVC,"La Cangrejera, Ver.",110.51
-97.232778,18.928889,VER,LGRVC,"Loma Grande, Ver.",158.81
-96.972778,20.051944,VER,LIBVC,"Libertad, Ver.",94.17
-96.41,19.261389,VER,LOFVC,"Loma Fina, Ver.",158.01
-97.236944,18.925278,VER,LOMAGRANDE,"Loma Grande, Ver. SMN*",157.5
-94.913889,17.416667,VER,LPEVC,"Las Perlas, Ver.",324.7
-97.1,19.65,VER,LVRVC,"Las Vigas de Ramírez, Ver.",77.12
-97.048333,20.0675,VER,MDTVC,"Martínez de la Torre, Ver.",121.45
-96.333333,19.15,VER,MFAVC,"Manlio Fabio Altamirano, Ver.",112.93
-94.771111,18.135278,VER,MNZVC,"Minzapan, Ver.",99.36
-96.833333,19.933333,VER,MZNVC,"Misantla, Ver.",220.83
-96.872222,19.65,VER,NAOVC,"Naolinco, Ver.",308.31
-98.503889,21.832222,VER,OLVVC,"El Olivo, Ver.",69.5
-97.1,18.85,VER,ORIZABAob,"Observatorio de Orizaba, Ver. SMN*",320.2
-97.1,18.85,VER,ORZVC,"Observatorio de Orizaba, Ver.",319.31
-96.97,19.55,VER,OTIVC,"Otilpan, Ver.",268.26
-94.3775,18.103611,VER,PB3VC,"Planta de bombeo 3 de La Cangrejera, Ver.",85
-94.193611,17.872778,VER,PCNVC,"Planta de bombeo 1 de La Cangrejera, Ver.",136.01
-97.814444,21.184444,VER,PEMVC,"El Moralillo, Ver.",19
-97.268333,19.545,VER,PEROTESMN,"Perote, Ver. SMN*",29.47
-97.238889,19.580556,VER,PERVC,"Perote, Ver.",48.02
-98.176667,22.06,VER,PNCVC,"Pánuco, Ver.",135
-97.316667,20.45,VER,PPNVC,"Papantla, Ver.",20.52
-97.478333,20.540833,VER,PRCVC,"Poza Rica, Ver.",30.72
-98.356667,21.297778,VER,PSNVC,"Platón Sánchez, Ver.",126.8
-95.627778,18.716667,VER,RALVC,"Radar Alvarado, Ver.",47.63
-96.713889,20.157778,VER,RAUVC,"El Raudal, Ver.",58.63
-97.809722,20.887222,VER,SBTVC,"Sombrerete, Ver.",27.51
-95.183333,18.45,VER,SIHVC,"Sihuapan, Ver.",181.63
-95.145833,17.883333,VER,SJEVC,"San Juan Evangelista, Ver.",145.21
-95.033333,18.516667,VER,SONVC,"Sontecomapan, Ver.",208.62
-96.488889,19.338889,VER,TAMVC,"Tamarindo, Ver.",141.01
-96.966667,19.45,VER,TAPVC,"Tapachapan, Ver.",208.36
-96.966667,19.383333,VER,TCOVC,"Teocelo, Ver.",296
-94.163333,17.571944,VER,TMOVC,"Tierra Morada, Ver.",307
-98.409444,21.499722,VER,TMPVC,"Tempoal, Ver.",253.2
-96.916667,19.811111,VER,TNCVC,"Tenochtitlán, Ver.",174.4
-97.2225,19.921944,VER,TOMVC,"Tomata, Ver.",43.9
-96.950278,19.233611,VER,TOTVC,"Totutla, Ver.",364.73
-98.153056,21.040833,VER,TRRVC,"Terrerillos, Ver.",132.6
-97.4,20.955556,VER,TXPVC,"Observatorio de Tuxpan, Ver.",53.12
-95.436111,18.466667,VER,TZAVC,"Tres Zapotes, Ver.",131.32
-96.111111,19.154167,VER,VERVC,"Observatorio de Veracruz, Ver.",161.45
-96.613889,19.022222,VER,VTEVC,"Villa Tejeda, Ver.",163.52
-96.924722,19.528889,VER,XCEVC,"Xalapa Centro, Ver.",173.91
-96.85,19.55,VER,XCFVC,"Xalapa CFE, Ver.",188.32
-96.916667,19.533333,VER,XOBVC,"Observatorio de Xalapa, Ver.",155.24
-97.388889,19.413889,VER,ZALVC,"Zalayeta, Ver.",36
-89.681111,20.649444,YUC,ABAYC,"Abalá, Yuc.",117.5
-89.218889,19.883056,YUC,BECYC,"Becanchén, Yuc.",146.52
-89.081667,20.463056,YUC,CANYC,"Cantamayec, Yuc.",157.4
-90.3825,20.858056,YUC,CELYC,"Celestún, Yuc. SMN*",108.8
-90.4,20.859167,YUC,CETYC,"Celestún, Yuc.",108.8
-89.829444,20.752778,YUC,CHOYC,"Chocholá, Yuc.",357.6
-89.637778,21.030278,YUC,CICYC,"Centro de Investigación Científica, Yuc.",167.6
-89.501111,21.078889,YUC,CONYC,"Conkal, Yuc.",142.6
-87.676667,21.5125,YUC,CYOYC,"El Cuyo, Yuc.",11.02
-89.476389,20.360556,YUC,DZAYC,"Dzan, Yuc.",178.55
-89.583611,20.983889,YUC,EZAYC,"Emiliano Zapata, Yuc.",172.83
-89.642778,21.048889,YUC,FIYYC,"Facultad de Ingeniería Universidad Autónoma de Yucatán, Yuc.",145.8
-89.658056,20.984167,YUC,GARYC,"Organismo de Cuenca Península de Yucatán, Yuc.",174.05
-89.681944,22.384167,YUC,ISLAPEREZmar,"Isla Pérez, Yuc. SEMAR*",62.73
-89.651111,20.946389,YUC,MEOYC,"Observatorio de Mérida, Yuc.",177.05
-89.4375,21.105556,YUC,MOCYC,"Mocochá, Yuc.",179.2
-89.299444,21.102222,YUC,MTOYC,"Motul, Yuc.",71.43
-89.711667,20.493333,YUC,MUNYC,"Muna, Yuc.",239.32
-89.394722,20.291111,YUC,OXKYC,"Oxkutzcab, Yuc.",241.3
-88.930833,20.1325,YUC,PETYC,"Peto, Yuc.",109.1
-89.653889,21.275833,YUC,PROYC,"Observatorio de Progreso, Yuc.",68.02
-89.046944,20.030278,YUC,TANYC,"Tantaquín, Yuc.",77
-89.558056,20.397778,YUC,TICYC,"Ticul, Yuc.",213.81
-88.1725,21.158611,YUC,TIZYC,"Tizimín, Yuc.",250.91
-89.047222,20.030278,YUC,TNTYC,"Tantaquín, Yuc. SMN*",59.82
-88.204167,20.69,YUC,VALYC,"Observatorio de Valladolid, Yuc.",191.12
-103.087778,21.475556,ZAC,APOZOLCFE,"Apozol, Zac. CFE*",84.5
-103.459167,21.811389,ZAC,ATGZC,"Atolinga, Zac.",208.1
-102.951667,22.823611,ZAC,BTEZC,"Ramón López Velarde, Zac.",66.7
-102.733889,23.602222,ZAC,CFPZC,"Cañitas de Felipe Pescador, Zac.",60
-102.889167,22,ZAC,CHIZC,"El Chique, Zac.",127.3
-101.389444,24.621389,ZAC,CORZC,"Concepción del Oro, Zac.",46
-102.347222,22.453056,ZAC,CUAZC,"Ciudad Cuauhtémoc, Zac.",41
-103.093611,23.693056,ZAC,ELCZC,"El Cazadero, Zac.",113
-102.040833,22.673056,ZAC,ELSZC,"El Saladillo, Zac.",70.1
-103.339722,21.649444,ZAC,EXCZC,"Miguel Alemán, Zac.",136.5
-102.890833,23.173889,ZAC,FREZC,"Fresnillo, Zac.",90.2
-103.093333,21.933333,ZAC,GJAZC,"General Joaquín Amaro, Zac.",194.5
-102.506667,22.746944,ZAC,GPEZC,"Guadalupe, Zac.",59.51
-102.46,22.4875,ZAC,GRCZC,"Genaro Codina, Zac.",73
-103.605833,21.223889,ZAC,HITZC,"Huitzila, Zac.",175.81
-103.397778,24.281667,ZAC,JALZC,"Juan Aldama, Zac.",141.55
-103.113889,21.404167,ZAC,JCHZC,"Juchipila, Zac.",125.9
-103.001944,22.642778,ZAC,JERZC,"Jerez, Zac.",107.21
-102.566944,22.778889,ZAC,LBUZC,"Observatorio de Zacatecas, Zac.",90.3
-103.603056,22.687222,ZAC,LFLZC,"La Florida, Zac.",131.02
-102.660556,22.996944,ZAC,LLBZC,"Llano Blanco, Zac.",62.5
-102.251667,22.438889,ZAC,LMOZC,"Luis Moya, Zac.",104.42
-103.383333,22.836667,ZAC,LOBZC,"Manuel Felgueres, Zac.",56.5
-101.985556,22.264722,ZAC,LORZC,"Loreto, Zac.",62.9
-103.216944,23.18,ZAC,LREZC,"Gobernador Leobardo Reynoso, Zac.",83
-103.443056,24.2875,ZAC,MGAZC,"Miguel Auza, Zac.",145.1
-103.362222,21.212778,ZAC,MORZC,"Mezquital del Oro, Zac.",164
-103.561667,22.306944,ZAC,MRSZC,"Monte Escobedo, Zac.",95.71
-102.845556,21.3575,ZAC,NCTZC,"Nochistlán, Zac.",63.7
-102.269444,22.577778,ZAC,OCAZC,"Ojo Caliente, Zac.",36.71
-102.796667,22.347222,ZAC,PALZC,"Palomas, Zac.",76.52
-101.399167,22.117778,ZAC,PINZC,"Pino Suárez, Zac.",46.7
-104.052778,22.610278,ZAC,PLATANITOCFE,"El Platanito, Zac. CFE*",131.7
-102.903611,21.711111,ZAC,PMOZC,"Los Moraleños, Zac.",140.5
-103.025833,23.816944,ZAC,RGRZC,"Río Grande, Zac.",82
-102.8825,24.326111,ZAC,SFOZC,"San Francisco, Zac.",70.9
-103.506667,24.288611,ZAC,SGOZC,"Santiago, Zac.",142.31
-103.636389,23.638889,ZAC,SOMZC,"Observatorio de Sombrerete, Zac.",133.6
-103.493333,22.333056,ZAC,STEZC,"Independencia Nacional, Zac.",86.2
-103.112778,22.925833,ZAC,STRZC,"Santa Rosa, Zac.",81.5
-102.859167,22.120833,ZAC,TAYZC,"Ing. Julián Adame Alatorre, Zac.",132
-103.461944,21.468611,ZAC,TGOZC,"Teúl de González Ortega, Zac.",109.4
-102.786389,21.560556,ZAC,TLAZC,"Tlalchichila, Zac.",166.5
-103.309444,21.773611,ZAC,TLLZC,"Tlaltenango, Zac.",152.92
-101.917222,22.520556,ZAC,VGOZC,"Villa González Ortega, Zac.",73.91
-101.715833,22.347222,ZAC,VHGZC,"Villa Hidalgo, Zac.",24.2
-103.337778,21.604722,ZAC,VILZC,"José María Morelos, Zac.",131.7
-102.585556,22.765,ZAC,ZACZC,"Zacatecas, Zac.",107.8
