nombre_entidad,municipio,count
Aguascalientes,Aguascalientes,145
Aguascalientes,Alamitos,143
Aguascalientes,Calvillo,261
Aguascalientes,Cañada Honda,147
Aguascalientes,Cincuenta Aniversario,111
Aguascalientes,Cosío,146
Aguascalientes,Derivadora Pabellón,148
Aguascalientes,El Niágara,148
Aguascalientes,El Novillo,148
Aguascalientes,Jocoque,148
Aguascalientes,La Codorniz,147
Aguascalientes,La Tinaja 2,119
Aguascalientes,Los Conos,148
Aguascalientes,Media Luna,143
Aguascalientes,Observatorio de Aguascalientes,148
Aguascalientes,Pabellón,148
Aguascalientes,Palo Alto,147
Aguascalientes,Plutarco Elías Calles,148
Aguascalientes,Presa Cincuenta Aniversario,79
Aguascalientes,Puerto de la Concepción,148
Aguascalientes,San Bartolo,148
Aguascalientes,Sandovales,148
Aguascalientes,Santa Lucía,3
Aguascalientes,Sierra Fría,59
Aguascalientes,Universidad,44
Aguascalientes,Villa Juárez,148
Baja California,Abelardo L. Rodríguez,141
Baja California,Abelardo L. Rodríguez 2,80
Baja California,Agua Hechicera,94
Baja California,Bahía de los Angeles,47
Baja California,Carmen Serdán,69
Baja California,Cataviña,91
Baja California,Constitución de 1857,29
Baja California,El Carrizo,148
Baja California,El Florido,140
Baja California,El Hongo,148
Baja California,Emilio López Zamora,145
Baja California,Isla Cedros,70
Baja California,Isla Coronado,10
Baja California,La Puerta,136
Baja California,La Rumorosa,35
Baja California,Llano Colorado,3
Baja California,Mexicali,148
Baja California,Observatorio de Ejido Nuevo León,106
Baja California,Observatorio de Ensenada,53
Baja California,Observatorio de San Felipe,104
Baja California,Playa Rosarito,77
Baja California,Presa Emilio López Zamora,46
Baja California,Presa derivadora Morelos,140
Baja California,Punta Banda,106
Baja California,San Quintín,43
Baja California,Tecate,85
Baja California Sur,Agua Caliente,1
Baja California Sur,Bahía Asunción,58
Baja California Sur,Cabo Pulmo,66
Baja California Sur,Cabo San Lucas,141
Baja California Sur,Díaz Ordaz,148
Baja California Sur,El Sargento,148
Baja California Sur,La Ribera,148
Baja California Sur,Los Barriles,148
Baja California Sur,Los Planes,136
Baja California Sur,Mulegé,142
Baja California Sur,Observatorio de Ciudad Constitución,133
Baja California Sur,Observatorio de La Paz,136
Baja California Sur,Observatorio de Loreto,124
Baja California Sur,Observatorio de Santa Rosalía,88
Baja California Sur,Puerto San Carlos,58
Baja California Sur,San Antonio Sur,148
Baja California Sur,San Bartolo,148
Baja California Sur,San José del Cabo,138
Baja California Sur,San Juanico,84
Baja California Sur,San Martín,58
Baja California Sur,San Vicente de la Sierra,43
Baja California Sur,Santiago,144
Baja California Sur,Sierra La Laguna,119
Baja California Sur,Todos Santos,148
Campeche,Bolonchen,148
Campeche,Calakmul,53
Campeche,Campeche,148
Campeche,Canasayab,148
Campeche,Candelaria,148
Campeche,Champotón,148
Campeche,El Carmen,148
Campeche,Escárcega,148
Campeche,Hecelchakán,146
Campeche,Hopelchén,148
Campeche,Noh Yaxché,148
Campeche,Observatorio de Campeche,148
Campeche,Palizada,165
Campeche,Sabancuy,148
Campeche,Xcupil,145
Campeche,Xpujil,148
Chiapas,Acala,148
Chiapas,Agua Azul,20
Chiapas,Altamirano,69
Chiapas,Arroyo Grande,55
Chiapas,Aza Pac,123
Chiapas,Bochil,79
Chiapas,Bombana,66
Chiapas,Bonampak,48
Chiapas,Boquerón,148
Chiapas,CECECH 2,7
Chiapas,Cacaluta,136
Chiapas,Cascajal,146
Chiapas,Catarinitas,105
Chiapas,Catazajá,39
Chiapas,Cañón del Sumidero,130
Chiapas,Centro Segunda Poniente,33
Chiapas,Chacamax,84
Chiapas,Chalchihuitán,21
Chiapas,Chapultenango,20
Chiapas,Chicomuselo,246
Chiapas,Cred Arriaga,77
Chiapas,Cred Cintalapa,10
Chiapas,Cred Comitán,75
Chiapas,Cred Motozintla,66
Chiapas,Cristal TV Azteca,33
Chiapas,Cristóbal Obregón,115
Chiapas,Cuxtepeques,88
Chiapas,Desfogue Malpaso,1
Chiapas,Despoblado,135
Chiapas,Doctor Belisario Domínguez,147
Chiapas,El Aguaje,91
Chiapas,El Arcotete,63
Chiapas,El Burrero,59
Chiapas,El Dorado,124
Chiapas,El Escalón,109
Chiapas,El Novillero,132
Chiapas,El Portillo,39
Chiapas,El Refugio,61
Chiapas,El Triunfo,136
Chiapas,Emiliano Zapata,119
Chiapas,Escuintla,134
Chiapas,Finca Argovia,38
Chiapas,Finca Chayabé,60
Chiapas,Finca Cuxtepeques,86
Chiapas,Finca Cuxtepeques hidrométrica,66
Chiapas,Finca Hamburgo,102
Chiapas,Finca San Cristóbal,8
Chiapas,Finca la Paz,29
Chiapas,Francisco I. Madero,36
Chiapas,Francisco León,5
Chiapas,Grijalva,144
Chiapas,Huehuetán,110
Chiapas,Huixtla,220
Chiapas,Huixtán,53
Chiapas,Jaltenango,225
Chiapas,Juan Sabines,146
Chiapas,Juan de Grijalva,105
Chiapas,La Encrucijada,72
Chiapas,La Escalera,1
Chiapas,La Sepultura,2
Chiapas,Lacantún,117
Chiapas,Lagunas de Montebello,100
Chiapas,Larráinzar,6
Chiapas,Las Flores,232
Chiapas,Macayo Margen Izquierda,43
Chiapas,Malpaso,132
Chiapas,Manuel Moreno Torres,148
Chiapas,Mapastepec,132
Chiapas,Mojostic,16
Chiapas,Monterrey,111
Chiapas,Motozintla,79
Chiapas,Museo de Chiapas de Ciencia y Tecnología,22
Chiapas,Módulo Cinco,29
Chiapas,Nezahualcóyotl,148
Chiapas,Nueva Palestina,74
Chiapas,Nuevo Tenochtitlán,2
Chiapas,Nuevo Xochimilco,9
Chiapas,Observatorio de Arriaga,147
Chiapas,Observatorio de Comitán,253
Chiapas,Observatorio de San Cristóbal,147
Chiapas,Observatorio de Tuxtla Gutiérrez,147
Chiapas,Ocotepec,174
Chiapas,Oxchuc,83
Chiapas,Palenque,43
Chiapas,Parque Oriente,33
Chiapas,Peñitas,41
Chiapas,Pijijiapan,113
Chiapas,Prusia,19
Chiapas,Puente Club Campestre,35
Chiapas,Puente Concordia,205
Chiapas,Puente Morelos,211
Chiapas,Puerto Chiapas,20
Chiapas,Quiosco,112
Chiapas,Reforma,148
Chiapas,Revolución Mexicana,148
Chiapas,Rosendo Salazar,35
Chiapas,Río de Janeiro,8
Chiapas,Rómulo Calzada,87
Chiapas,Salto de Agua,148
Chiapas,San Cristóbal de las Casas,126
Chiapas,San Francisco 2,38
Chiapas,San Jerónimo,9
Chiapas,San Joaquín,146
Chiapas,San Juan Seminario,32
Chiapas,San Miguel,143
Chiapas,San Pedro Nichtalucum,73
Chiapas,Santa María,148
Chiapas,Santo Domingo,152
Chiapas,Santuario,83
Chiapas,Sayula,148
Chiapas,Secundaria Técnica 103,31
Chiapas,Secundaria Técnica 59,24
Chiapas,Sierra Morena,141
Chiapas,Siltepec,80
Chiapas,Sitala,89
Chiapas,Suchiate,68
Chiapas,Sunuapa,43
Chiapas,Talismán,24
Chiapas,Tapachula,144
Chiapas,Tapachula Malpaso,107
Chiapas,Tila,17
Chiapas,Trabajo Social,38
Chiapas,Tres Picos,251
Chiapas,Tuxtla,126
Chiapas,Tuxtla Gutiérrez Zoomat,52
Chiapas,Tuxtla Oriente,142
Chiapas,Tzimbac,162
Chiapas,Túneles Juan de Grijalva,109
Chiapas,Universidad Lindavista,111
Chiapas,Universidad de Ciencias y Artes de Chiapas,49
Chiapas,Villa de Chiapilla,36
Chiapas,Villaflores,105
Chiapas,Volcán Tacaná,84
Chiapas,Yamonhó,148
Chiapas,Yaquintela,60
Chiapas,Zacatonal de Juárez,6
Chiapas,Zapaluta,46
Chiapas,Ángel Albino Corzo,148
Chihuahua,Abraham González,148
Chihuahua,Ascensión,4
Chihuahua,Bachíniva,148
Chihuahua,Basaseachi,113
Chihuahua,Basuchil,27
Chihuahua,Batopilas,137
Chihuahua,Batovira,80
Chihuahua,Boca del Río,82
Chihuahua,Buena Vista,5
Chihuahua,Buena Vista 2,22
Chihuahua,Chinatú,114
Chihuahua,Chínipas,334
Chihuahua,Ciudad Cuauhtémoc,120
Chihuahua,Ciudad Delicias,148
Chihuahua,Ciudad Juárez,147
Chihuahua,Ciudad Madera,4
Chihuahua,Colina,130
Chihuahua,Colina hidrométrica,89
Chihuahua,Creel,111
Chihuahua,Cumbres de Majalca,126
Chihuahua,El Granero,148
Chihuahua,El Rejón,148
Chihuahua,El Tintero,148
Chihuahua,El Vergel,131
Chihuahua,Guachochi,117
Chihuahua,Guapoca,147
Chihuahua,Guerachi,114
Chihuahua,Janos,137
Chihuahua,Jiménez,82
Chihuahua,La Boquilla,148
Chihuahua,La Mesa,142
Chihuahua,Las Lajas,148
Chihuahua,Las Vírgenes,136
Chihuahua,Maguarichi,138
Chihuahua,Majalca,148
Chihuahua,Moris,36
Chihuahua,Observatorio de Chihuahua,217
Chihuahua,Observatorio de Nuevo Casas Grandes,148
Chihuahua,Observatorio de Parral,148
Chihuahua,Observatorio de Temósachic,219
Chihuahua,Ojinaga,148
Chihuahua,Ojinaga Río Conchos,40
Chihuahua,Pegüis,67
Chihuahua,Peñitas,148
Chihuahua,Pico del Aguila,148
Chihuahua,Presa el Granero,59
Chihuahua,Samalayuca,2
Chihuahua,San Ignacio,143
Chihuahua,Soto Mainez,24
Chihuahua,Tejolocachi,252
Chihuahua,Tubares 2,124
Chihuahua,Urique,148
Chihuahua,Valle de Zaragoza,142
Chihuahua,Villa Ahumada,52
Chihuahua,Villa Coronado,148
Chihuahua,Yepachic,93
Ciudad de México,Academia Méx.cana de Ciencias,44
Ciudad de México,Ajusco,147
Ciudad de México,Ajusco Alta Tensión,16
Ciudad de México,Avenida Cien Metros,147
Ciudad de México,Balbuena,29
Ciudad de México,Bondojito,48
Ciudad de México,Caja 6 IP San Antonio y Periférico,16
Ciudad de México,Campamento Amealco,148
Ciudad de México,Campamento Mecoaya,147
Ciudad de México,Caseta Forestal,126
Ciudad de México,Centro de Ciencias de la Atmósfera CENAPRED,29
Ciudad de México,Cerrillos,16
Ciudad de México,Ciudad Deportiva,147
Ciudad de México,Colegio de Ciencias y Humanidades Oriente,43
Ciudad de México,Colegio de Ciencias y Humanidades Vallejo,48
Ciudad de México,Conagua Oficinas Centrales,53
Ciudad de México,Coyol,147
Ciudad de México,Cuautepec,46
Ciudad de México,Culhuacán,41
Ciudad de México,Cárcel de Mujeres,147
Ciudad de México,Del Valle,73
Ciudad de México,Derechos Humanos,25
Ciudad de México,Desierto de los Leones,147
Ciudad de México,Desviación Alta,136
Ciudad de México,Ecoguardas Ajusco,76
Ciudad de México,El Molino,16
Ciudad de México,El Moral SACM,23
Ciudad de México,El Yaqui,142
Ciudad de México,El Zarco,118
Ciudad de México,Escuela Nacional de Ciencias Biológicas IPN,125
Ciudad de México,Estadio Azteca,147
Ciudad de México,Foro Cultural Magdalena,4
Ciudad de México,Gobierno de la Ciudad de México,147
Ciudad de México,Huayatla,124
Ciudad de México,Indios Verdes,53
Ciudad de México,La Joya,48
Ciudad de México,La Venta,147
Ciudad de México,Lumbrera Cuatro Ríos El Moral,145
Ciudad de México,Manantial Tulmiac,16
Ciudad de México,Marcos Carrillo,147
Ciudad de México,Memetla Cuajimalpa,45
Ciudad de México,Mexicaltzingo,50
Ciudad de México,Meyehualco,44
Ciudad de México,Milpa Alta,167
Ciudad de México,Molino del Rey,11
Ciudad de México,Monte Alegre,117
Ciudad de México,Nopalera,51
Ciudad de México,Observatorio de Tacubaya,154
Ciudad de México,Organismo de Cuenca Aguas del Valle de México Sur,131
Ciudad de México,PTAR San Pedro Actopan,16
Ciudad de México,Padierna,43
Ciudad de México,Pantitlán,47
Ciudad de México,Picacho Homun,16
Ciudad de México,Planta Abasolo Mezontepec,147
Ciudad de México,Planta Chapultepec,147
Ciudad de México,Planta Generadora 101,147
Ciudad de México,Planta Nativitas,147
Ciudad de México,Planta Pichacho Ajusco Periférico,16
Ciudad de México,Planta San Luis,147
Ciudad de México,Planta de Tratamiento Cerro de La Estrella,147
Ciudad de México,Planta de Tratamiento Rosario,147
Ciudad de México,Planta de Tratamiento Río Remedios,147
Ciudad de México,Planta de Tratamiento Río de La Magdalena,146
Ciudad de México,Planta de Tratamiento Santa Catarina,147
Ciudad de México,Planta de bombeo Aculco,147
Ciudad de México,Planta de bombeo Churubusco Lago,226
Ciudad de México,Planta de bombeo Lindavista,147
Ciudad de México,Planta de bombeo López Mateos,147
Ciudad de México,Planta de bombeo Municipio Libre,147
Ciudad de México,Planta de bombeo Nueva Santa María,147
Ciudad de México,Planta de bombeo Tizoc,147
Ciudad de México,Planta de bombeo U.H. Ejército de Oriente,147
Ciudad de México,Planta de bombeo Villa Coapa,147
Ciudad de México,Planta de bombeo Xotepingo,147
Ciudad de México,Pozo Ciudad Universitaria,16
Ciudad de México,Pozo reclusorio Sur,16
Ciudad de México,Prepa 5,35
Ciudad de México,Presa Mixcoac,16
Ciudad de México,Pueblo San Pedro Mártir,147
Ciudad de México,Radiocomunicación,147
Ciudad de México,Rebombeo Bosque de Tlalpan,147
Ciudad de México,Rebombeo La Quebradora Santa Cruz Meyehualco,147
Ciudad de México,San Bartolo,38
Ciudad de México,San Bartolo Ameyalco,147
Ciudad de México,San José Tláhuac RB Tequesquite,11
Ciudad de México,San Juan de Aragón,148
Ciudad de México,San Juan de Aragón CRAE OCAVM,16
Ciudad de México,San Miguel Topilejo,16
Ciudad de México,San Pedro Mártir,66
Ciudad de México,San Pedro Tláhuac,210
Ciudad de México,San Salvador Cuauhtenco,147
Ciudad de México,Santa Ana,111
Ciudad de México,Santa Cruz Acatlán,8
Ciudad de México,Santa Fe Santa Lucía,147
Ciudad de México,Sierra Guadalupe,140
Ciudad de México,Tacuba,51
Ciudad de México,Tanque Chalmita,147
Ciudad de México,Tanque Peñón,147
Ciudad de México,Tanque San Francisco,147
Ciudad de México,Tanque San Joaquín,147
Ciudad de México,Tanque el Cartero,147
Ciudad de México,Tanque el Lienzo,147
Ciudad de México,Tarango,147
Ciudad de México,Taxqueña,52
Ciudad de México,Tetelco,136
Ciudad de México,Tezontle,131
Ciudad de México,Topilejo,147
Ciudad de México,Triángulo,147
Ciudad de México,Universidad,227
Ciudad de México,Universidad Autónoma Metropolitana Azcapotzalco,43
Ciudad de México,Xochimilco,50
Ciudad de México,Zacatón,16
Ciudad de México,km 6+250 del Gran Canal,148
Coahuila,Allende,132
Coahuila,Cabeceras,90
Coahuila,Candela,132
Coahuila,Ciudad Acuña,147
Coahuila,Coyote,148
Coahuila,Cuatro Ciénegas,133
Coahuila,El Centenario,147
Coahuila,El Cuije,12
Coahuila,Internacional La Amistad,147
Coahuila,La Flor,143
Coahuila,Las Vacas Ciudad Acuña,65
Coahuila,Madero,25
Coahuila,Matamoros,69
Coahuila,Morelos Múzquiz,78
Coahuila,Observatorio de Monclova,147
Coahuila,Observatorio de Piedras Negras,226
Coahuila,Observatorio de Saltillo,226
Coahuila,Observatorio de Torreón,226
Coahuila,Progreso,119
Coahuila,Ramos Arizpe Aeropuerto,142
Coahuila,Río Escondido Villa de Fuentes,72
Coahuila,Sabinas,148
Coahuila,Saltillo,147
Coahuila,San Antonio de las Alazanas,98
Coahuila,San Diego Jiménez,72
Coahuila,San Miguel,146
Coahuila,San Pedro,148
Coahuila,Secretaría de Agricultura Saltillo,147
Coahuila,Sierra Mojada,130
Coahuila,Venustiano Carranza,148
Colima,Buenavista,148
Colima,Callejones,102
Colima,Cerro de Ortega,147
Colima,Comala,148
Colima,Coquimatlán,147
Colima,Cuauhtémoc,144
Colima,El Chanal,148
Colima,Isla Clarión,41
Colima,Isla Socorro,106
Colima,La Esperanza,145
Colima,Laguna de Amela,148
Colima,Minatitlán,12
Colima,Observatorio de Colima,216
Colima,Observatorio de Manzanillo,227
Colima,Presa derivadora Gregorio T. Q. Jala,147
Colima,Presa derivadora Peñitas,145
Colima,Radar,148
Colima,Suchitlán,143
Colima,Tecomán,148
Colima,Trapiche,148
Durango,Agustín Melgar,107
Durango,Caboraca,148
Durango,Campo Agrícola,103
Durango,Canatlán,145
Durango,Ciudad Guadalupe Victoria,145
Durango,Ciudad Lerdo,148
Durango,Coneto de Comonfort,13
Durango,Cuencamé,147
Durango,El Cuarto,9
Durango,El Derrame,3
Durango,El Salto,46
Durango,El Tigre,104
Durango,El Tule del Real,135
Durango,Francisco Villa,146
Durango,Francisco Zarco,148
Durango,General Escobedo,129
Durango,Guanaceví,147
Durango,Guatimapé,67
Durango,Indé,4
Durango,La Flor de Jimulco,133
Durango,La Huerta,55
Durango,La Rosilla,99
Durango,Las Bayas,16
Durango,Las Vegas,144
Durango,Lázaro Cárdenas,147
Durango,Mapimí,274
Durango,Navíos Viejos,65
Durango,Nazas,105
Durango,Observatorio de Durango,251
Durango,Observatorio de Tepehuanes,128
Durango,Palmito hidrométrica de Lázaro Cárdenas,4
Durango,Peña del Aguila,146
Durango,Presidente Guadalupe Victoria,146
Durango,Pánuco de Coronado,83
Durango,Radar Palmito,117
Durango,Rodeo,131
Durango,Salomé Acosta,148
Durango,San Gabriel,148
Durango,San Juan de Guadalupe,131
Durango,San Luis del Cordero,113
Durango,San Pedro del Gallo,125
Durango,Santa Bárbara,80
Durango,Santa Clara,105
Durango,Santa Elena,140
Durango,Santa María del Oro,120
Durango,Santiago Bayacora,147
Durango,Santiago Papasquiaro,143
Durango,Sardinas,146
Durango,Súchil,5
Durango,Tamazula,133
Durango,Tlahualilo,133
Durango,Vicente Guerrero,68
Durango,Villa Hidalgo,146
Durango,Villa Ocampo,142
Estado de México,Alameda 1,29
Estado de México,Altzomoni,99
Estado de México,Atenco,133
Estado de México,Atlacomulco,56
Estado de México,Atlacomulco Prepa.,133
Estado de México,Bejucos,32
Estado de México,Bosque Real,44
Estado de México,Calacoaya,120
Estado de México,Calixtlahuaca,123
Estado de México,Caída del Borracho,129
Estado de México,Cerro Catedral,20
Estado de México,Chalco San Lucas,139
Estado de México,Chapingo,164
Estado de México,Chiconautla 1,71
Estado de México,Chiconautla 2,77
Estado de México,Chilesdo,147
Estado de México,Colonia Hidalgo,54
Estado de México,Colorines,148
Estado de México,Conagua,4
Estado de México,Danxho,143
Estado de México,Dos Ríos,137
Estado de México,El Molinito Río Hondo,141
Estado de México,El Molino,140
Estado de México,El Tejocote,130
Estado de México,El Venado,129
Estado de México,Francisco José Trinidad Fabela,138
Estado de México,Gerencia Conagua CODAGEM,134
Estado de México,Herradura,43
Estado de México,Huapango,140
Estado de México,Ignacio Ramírez,139
Estado de México,Ixtapantongo,20
Estado de México,Ixtapopo,76
Estado de México,Ixtlahuaca,116
Estado de México,José Antonio Alzate,141
Estado de México,La Caldera Subestación eléctrica Santa Lucía,213
Estado de México,La Concepción,147
Estado de México,La Grande,148
Estado de México,Lago de Guadalupe,16
Estado de México,Las Arboledas,130
Estado de México,Los Berros,147
Estado de México,Madín,163
Estado de México,Molino Blanco,145
Estado de México,Naucalpan,53
Estado de México,Nevado de Toluca,133
Estado de México,Nuevo túnel de Tequixquiac,9
Estado de México,Observatorio de Toluca,254
Estado de México,Observatorio de Zinacantepec,4
Estado de México,Ocuilán de Arteaga,73
Estado de México,Palmas,146
Estado de México,Panta de Bombeo Río Hondo,16
Estado de México,Planta Chiconautla 1,147
Estado de México,Planta Chiconautla 2,147
Estado de México,Planta de bombeo Barrientos,222
Estado de México,Porfirio Díaz,99
Estado de México,Pozo Gran Canal,9
Estado de México,Presa Madín,122
Estado de México,Presa Totolica,161
Estado de México,Puente Colgante,147
Estado de México,Puente Mextepec,17
Estado de México,Rectoría,120
Estado de México,San Andrés,146
Estado de México,San Andrés Tepetitlán,142
Estado de México,San Bartolo del Llano,135
Estado de México,San Bernabé,15
Estado de México,San Joaquín,1
Estado de México,San Juan,122
Estado de México,San Juan de las Huertas,129
Estado de México,San Luis Ameca,148
Estado de México,San Luis Ameca 2,15
Estado de México,San Luis Chalco,15
Estado de México,Santa María del Llano,130
Estado de México,Santo Tomás,16
Estado de México,Sierra de Guadalupe,45
Estado de México,Tajo de Tequixquiac,142
Estado de México,Taxhimay,148
Estado de México,Temascaltepec,23
Estado de México,Texcaltitlán,132
Estado de México,Totolica,127
Estado de México,Totolica hidrométrica,148
Estado de México,Tres Barrancas,136
Estado de México,Trojes,126
Estado de México,Valle de Bravo,242
Estado de México,Vaso de Cristo,147
Estado de México,Villa Carmela,11
Estado de México,Villa Victoria,148
Estado de México,km 27+250,148
Estado de México,Ñadó,139
Guanajuato,Abasolo,148
Guanajuato,Acámbaro,148
Guanajuato,Agua Tibia,148
Guanajuato,Ameche,148
Guanajuato,Apaseo el Alto,148
Guanajuato,Apaseo el Grande,140
Guanajuato,Arandas,71
Guanajuato,Barbosa,98
Guanajuato,Celaya,147
Guanajuato,Cinco Señores,148
Guanajuato,Comanjilla,146
Guanajuato,Coroneo,148
Guanajuato,Corralejo Hidalgo,78
Guanajuato,Cortázar,148
Guanajuato,Cuatro Esquinas,2
Guanajuato,Cuerámaro,148
Guanajuato,Dolores Hidalgo,132
Guanajuato,El Barrial,233
Guanajuato,El Chapín,148
Guanajuato,El Conejo,148
Guanajuato,El Cubo,148
Guanajuato,El Huaricho,27
Guanajuato,El Palote,148
Guanajuato,Frías,84
Guanajuato,INIFAP,36
Guanajuato,Ignacio Allende,148
Guanajuato,Irapuato,148
Guanajuato,Jerécuaro,143
Guanajuato,La Begoña hidrométrica,35
Guanajuato,La Gavilana,29
Guanajuato,La Golondrina,148
Guanajuato,La Purísima,147
Guanajuato,La Quemada,148
Guanajuato,Laguna de Yuriria,148
Guanajuato,Las Adjuntas,147
Guanajuato,Las Estacas,35
Guanajuato,Las Jícamas,148
Guanajuato,León,145
Guanajuato,Los Arquitos,2
Guanajuato,Los Castillos,148
Guanajuato,Los Tecolotes,26
Guanajuato,Mariano Abasolo,109
Guanajuato,Mineral de Pozos,71
Guanajuato,Observatorio de Guanajuato,148
Guanajuato,Ocampo,148
Guanajuato,Pericos,148
Guanajuato,Peñuelitas,148
Guanajuato,Pozos,131
Guanajuato,Presa la Gavia,133
Guanajuato,Purísima de Chamacuero,25
Guanajuato,Salamanca,148
Guanajuato,Salvatierra,148
Guanajuato,San Felipe,147
Guanajuato,San Miguel Octopan,141
Guanajuato,San Miguel de Allende,116
Guanajuato,San Vicente,23
Guanajuato,Santa Ana,29
Guanajuato,Santa Julia,145
Guanajuato,Santa Rita,148
Guanajuato,Sierra Gorda 2,109
Guanajuato,Solís,148
Guanajuato,Tarimoro,80
Guanajuato,Temascatío,148
Guanajuato,Valle de Santiago,145
Guanajuato,Villadiego,9
Guanajuato,Xichú,147
Guerrero,Acapulco,161
Guerrero,Agua Salada,22
Guerrero,Ahuacuotzingo,147
Guerrero,Ajuchitlán,87
Guerrero,Andrés Figueroa,93
Guerrero,Atenango del Río,96
Guerrero,Atoyac,141
Guerrero,Ayutla,138
Guerrero,Buenavista,148
Guerrero,Chichihualco,144
Guerrero,Chilapa,146
Guerrero,Chilpancingo,148
Guerrero,Ciudad Altamirano,250
Guerrero,Cocula,45
Guerrero,Copala,64
Guerrero,Coyuca de Benítez,111
Guerrero,Coyuquilla,147
Guerrero,Cuajinicuilapa,148
Guerrero,El Ocotito,91
Guerrero,El Puente,34
Guerrero,Huitzuco,130
Guerrero,Iguala,260
Guerrero,Ing. Carlos Ramírez Ulloa,146
Guerrero,Ixcateopan de Tlapa,147
Guerrero,La Calera,148
Guerrero,La Venta,1
Guerrero,Laguna de Coyuca,141
Guerrero,Laguna de Tuxpan,85
Guerrero,Las Vigas,146
Guerrero,Mochitlán,145
Guerrero,Observatorio de Acapulco,145
Guerrero,Observatorio de Chilpancingo,29
Guerrero,Observatorio de Chilpancingo Aeropuerto,148
Guerrero,Observatorio de Zumpango,148
Guerrero,Olinalá,148
Guerrero,Ometepec,144
Guerrero,Papalutla,95
Guerrero,Petaquillas,148
Guerrero,Puente Mezcala,33
Guerrero,Puerto Vicente,68
Guerrero,Quetzala,143
Guerrero,Revolución Mexicana,141
Guerrero,San Antonio,46
Guerrero,San Cristóbal,83
Guerrero,San Jerónimo,148
Guerrero,San Juan Tetelcingo,94
Guerrero,San Marcos,125
Guerrero,Taxco,147
Guerrero,Tierra Colorada,147
Guerrero,Tixtla,145
Guerrero,Tlacotepec,148
Guerrero,Tlapa,145
Guerrero,Valerio Trujano,130
Guerrero,Vicente Guerrero,148
Guerrero,Xochihuehuetlán,148
Guerrero,Yextla,113
Guerrero,Zihuatanejo,225
Guerrero,km 21,78
Hidalgo,Actopan,137
Hidalgo,Atlapexco,138
Hidalgo,El Chico,118
Hidalgo,Endhó,148
Hidalgo,Huehuetla,67
Hidalgo,Huejutla,141
Hidalgo,Huichapan,89
Hidalgo,ITESA Apan,11
Hidalgo,Ing. Fernando Hiriart Balderrama,123
Hidalgo,Ixmiquilpan,148
Hidalgo,Javier Rojo Gómez,148
Hidalgo,La Esperanza,129
Hidalgo,La Laguna,66
Hidalgo,Los Reyes,19
Hidalgo,Manantial,4
Hidalgo,Metztitlán,145
Hidalgo,Mixquiahuala,147
Hidalgo,Observatorio de Pachuca,148
Hidalgo,Observatorio de Tulancingo,155
Hidalgo,Requena,148
Hidalgo,San Felipe Orizatlán,135
Hidalgo,Tlanchinol,144
Hidalgo,Tula Las Rosas,30
Hidalgo,Vicente Aguirre,148
Hidalgo,Zacualtipán,148
Jalisco,Acatlán,55
Jalisco,Achimec,147
Jalisco,Acueducto Chapala Guadalajara,122
Jalisco,Ajojucar,146
Jalisco,Atequiza,133
Jalisco,Base Aérea Zapopan,106
Jalisco,Basilio Vadillo,146
Jalisco,Bocas,144
Jalisco,Bolaños,136
Jalisco,Cajón de Peña,148
Jalisco,Casa Llanta,120
Jalisco,Chapala 1,119
Jalisco,Cihuatlán,143
Jalisco,Constitución de Apatzingán,148
Jalisco,Corrinchis,131
Jalisco,Cuale,145
Jalisco,Cuitzeo,84
Jalisco,Cuixtla,142
Jalisco,El Chiflón,64
Jalisco,El Corcovado,80
Jalisco,El Cuarenta,144
Jalisco,El Fuerte,72
Jalisco,El Pinito,8
Jalisco,El Rodeo,19
Jalisco,El Salitre,12
Jalisco,El Salto,49
Jalisco,El Tule,13
Jalisco,El Zapote,43
Jalisco,Guadalajara Centro,148
Jalisco,Higuera Blanca 2,62
Jalisco,Huascato,144
Jalisco,Hurtado,139
Jalisco,Ing. Alfredo Elías Ayub,148
Jalisco,Ing. Elías González Chávez,47
Jalisco,Ing. Guillermo Lugo Sanabria,128
Jalisco,Ing. Santiago Camarena,144
Jalisco,Jamay,148
Jalisco,La Barca,94
Jalisco,La Boquilla,68
Jalisco,La Cuña,107
Jalisco,La Desembocada,28
Jalisco,La Experiencia,133
Jalisco,La Primavera,97
Jalisco,La Red,8
Jalisco,La Sauceda,269
Jalisco,Lago de Chapala,148
Jalisco,Lagos de Moreno,139
Jalisco,Manuel M. Diéguez,148
Jalisco,Mascota,100
Jalisco,Mezcala Poncitlán,83
Jalisco,Nevado de Colima,140
Jalisco,Observatorio de Ciudad Guzmán,228
Jalisco,Observatorio de Colotlán,150
Jalisco,Observatorio de Guadalajara,234
Jalisco,Observatorio de Lagos de Moreno,224
Jalisco,Paso el Sabino,73
Jalisco,Piedra Barrenada,44
Jalisco,Poncitlán,1
Jalisco,Protección a Infraestructura y Atención a Emergencias Toluquilla,134
Jalisco,Quito,18
Jalisco,Ramón Corona Madrigal General,148
Jalisco,Río Ameca,131
Jalisco,Río Tomatlán,75
Jalisco,Río Zula,99
Jalisco,San Gaspar,73
Jalisco,San Gaspar de los Reyes,140
Jalisco,San Gregorio,7
Jalisco,Sierra Manatlán 1,140
Jalisco,Solidaridad,148
Jalisco,Tacotán,146
Jalisco,Tenasco,145
Jalisco,Teocaltiche,148
Jalisco,Tlaquepaque,148
Jalisco,Tuxcueca,95
Jalisco,Vicente C. Villaseñor,60
Jalisco,Zapopan,42
Jalisco,Zula río,64
Michoacán,Adjuntas,106
Michoacán,Agostitlán,147
Michoacán,Apatzingán,147
Michoacán,Aristeo Mercado,94
Michoacán,Barraje de Ibarra,146
Michoacán,Caimanera,233
Michoacán,Casa Blanca,147
Michoacán,Chaparaco,146
Michoacán,Ciudad Hidalgo,147
Michoacán,Cointzio,148
Michoacán,Corrales,147
Michoacán,Cumuato,45
Michoacán,El Bosque,148
Michoacán,El Gigante,142
Michoacán,Guaracha,148
Michoacán,Infiernillo,146
Michoacán,Jaripo,148
Michoacán,José María Morelos y Pavón,147
Michoacán,La Pastoría,146
Michoacán,La Piedad,147
Michoacán,Laguna del Fresno,117
Michoacán,Los Olivos,148
Michoacán,Los Panches,141
Michoacán,Los Pinzanes,120
Michoacán,Los Ángeles,82
Michoacán,Malpaís,145
Michoacán,Maravatío,145
Michoacán,Melchor Ocampo,148
Michoacán,Melchor Ocampo Lázaro Cárdenas,80
Michoacán,Morelia Centro,147
Michoacán,Morelia DDR 020,147
Michoacán,Observatorio de Morelia Norte,147
Michoacán,Observatorio de Zamora,145
Michoacán,Orandino,106
Michoacán,Panches,27
Michoacán,Pastor Ortiz,125
Michoacán,Pastoría,87
Michoacán,Pinzanes,27
Michoacán,Planta de bombeo,147
Michoacán,Presa Urepetiro,121
Michoacán,Pucuato,147
Michoacán,Sahuayo,144
Michoacán,San Cristóbal,139
Michoacán,San Juanico,147
Michoacán,San Simón,143
Michoacán,Tepuxtepec,148
Michoacán,Tercer Mundo,101
Michoacán,Urepetiro,147
Michoacán,Uruapan,17
Michoacán,Villa Jiménez,138
Michoacán,Yurécuaro,144
Michoacán,Zacapu,120
Michoacán,Zicuirán,148
Michoacán,Zinapécuaro,99
Morelos,Achichipico,148
Morelos,Alpuyeca,148
Morelos,Amacuzac,147
Morelos,Amilcingo,61
Morelos,Apancingo,69
Morelos,Atlatlahuacan Bachillerato,40
Morelos,Atlatlahucan,147
Morelos,Casasano,58
Morelos,Cayehuacan,36
Morelos,Centro Bachillerato Tecnológico Agropecuario 154 Huitzilac,42
Morelos,Cocoyotla,1
Morelos,Cuautla,148
Morelos,Cuautla SMN,51
Morelos,Cuautlita,107
Morelos,Cuentepec,35
Morelos,Cuernavaca,148
Morelos,El Peñón,145
Morelos,El Rodeo,148
Morelos,Emiliano Zapata,55
Morelos,Escuela de Biología Uaem,62
Morelos,Higuerón,145
Morelos,Huajintlán,148
Morelos,Huautla,148
Morelos,Huecahuaxco,132
Morelos,Hueyapan,143
Morelos,Huitzilac,147
Morelos,Instituto Mexicano de Tecnología del Agua,140
Morelos,Jojutla,148
Morelos,Jonacatepec,148
Morelos,La Cuera,147
Morelos,Miacatlán,129
Morelos,Moyotepec,147
Morelos,Nexpa,126
Morelos,Oacalco,142
Morelos,Oaxtepec,145
Morelos,Observatorio de Cuernavaca,148
Morelos,Observatorio de Zacatepec,148
Morelos,Ocuituco,146
Morelos,Palpan,80
Morelos,Progreso,141
Morelos,Puente de Ixtla,146
Morelos,San Pablo Hidalgo,88
Morelos,Secretaría de Eduación Pública Cuernavaca,2
Morelos,Solidaridad,148
Morelos,Temilpa,47
Morelos,Temixco,148
Morelos,Temoac,141
Morelos,Tepalcingo,148
Morelos,Tepalcingo Bachillerato,48
Morelos,Tepoztlán,139
Morelos,Tequesquitengo,65
Morelos,Tetela del Volcán,68
Morelos,Ticumán,140
Morelos,Tilzapotla,142
Morelos,Tlacotepec,148
Morelos,Tlacualera,121
Morelos,Tlayacapan,36
Morelos,Totolapan,145
Morelos,Tres Marías,49
Morelos,Vista Alegre,63
Morelos,Xicatlacotla,147
Morelos,Xoxocotla,78
Morelos,Yautepec,148
Morelos,Yecapixtla,71
Morelos,Yecapixtla ETA 118,28
Nayarit,Acaponeta,135
Nayarit,Aguamilpa Solidaridad,148
Nayarit,Capomal,113
Nayarit,Chapalagana,177
Nayarit,Gaviotas,124
Nayarit,Islas Marías,97
Nayarit,Ixtlán del Río,46
Nayarit,Jesús María,216
Nayarit,La Estancia,79
Nayarit,Leonardo Rodríguez Alcaine,148
Nayarit,Observatorio de Tepic,148
Nayarit,Pajaritos,114
Nayarit,Rosamorada,124
Nayarit,Ruiz,131
Nayarit,San Blas,69
Nayarit,San Rafael,148
Nuevo León,Aramberri,148
Nuevo León,Arroyo Seco,62
Nuevo León,Cabezones,140
Nuevo León,Cadereyta,134
Nuevo León,Camacho,143
Nuevo León,Carmen de los Elizondo Linares,129
Nuevo León,Cerralvo,148
Nuevo León,Ciudad Universitaria,26
Nuevo León,Colombia,72
Nuevo León,Crucitas,148
Nuevo León,Cuchillo Solidaridad,148
Nuevo León,Doctor Arroyo,108
Nuevo León,El Canadá,16
Nuevo León,El Carmen,7
Nuevo León,El Cerrito,147
Nuevo León,El Diente,89
Nuevo León,El Sauz,7
Nuevo León,Estanzuela,56
Nuevo León,Fierro,30
Nuevo León,Galeana,146
Nuevo León,José López Portillo,148
Nuevo León,La Ascensión,136
Nuevo León,La Pamona,134
Nuevo León,Las Adjuntas,71
Nuevo León,Las Enramadas,135
Nuevo León,Las Tinajas,15
Nuevo León,Los Aldama,3
Nuevo León,Madero,113
Nuevo León,Mier y Noriega,146
Nuevo León,Mitras,56
Nuevo León,Montemorelos,148
Nuevo León,Obispo,54
Nuevo León,Observatorio de Monterrey,146
Nuevo León,Presa La Boca,79
Nuevo León,Protección Civil,39
Nuevo León,Radiosondeo,122
Nuevo León,Rodrigo Gómez,148
Nuevo León,Salinillas,145
Nuevo León,San Rafael,148
Nuevo León,Topo Chico Monterrey,96
Nuevo León,Zaragoza,144
Oaxaca,Astata,97
Oaxaca,Atepec,123
Oaxaca,Ayutla,148
Oaxaca,Base Aérea,104
Oaxaca,Benito Juárez,40
Oaxaca,Boquilla 1,148
Oaxaca,Calihualá,87
Oaxaca,Chicapa,147
Oaxaca,Chilapa de Díaz,22
Oaxaca,Cosolapa,142
Oaxaca,Cosoltepec,25
Oaxaca,Dique Pescaditos,145
Oaxaca,El Marqués,124
Oaxaca,Heroica Ciudad de Tlaxiaco,53
Oaxaca,Heroica Villa Tezoatlán de Segura y Luna,77
Oaxaca,Huajuapan de León,89
Oaxaca,Huayapam,23
Oaxaca,Ixtaltepec,67
Oaxaca,Ixtepec,145
Oaxaca,Ixtepeji,129
Oaxaca,Jacatepec,148
Oaxaca,Juchitán,128
Oaxaca,La Carbonera,118
Oaxaca,Las Pilas,131
Oaxaca,María Lombardo,147
Oaxaca,Miguel de la Madrid Hurtado,148
Oaxaca,Nochixtlán,92
Oaxaca,Oaxaca Centro,148
Oaxaca,Observatorio de Aeropuerto Oaxaca,145
Oaxaca,Observatorio de Huajuapan de León,145
Oaxaca,Observatorio de Puerto Angel,147
Oaxaca,Observatorio de Salina Cruz,167
Oaxaca,Organismo de Cuenca Pacífico Sur PIAE,144
Oaxaca,Ostuta,120
Oaxaca,Papaloapan,148
Oaxaca,Presidente Alemán,147
Oaxaca,Presidente Benito Juárez,137
Oaxaca,Puerto Escondido,4
Oaxaca,Río Hondo,116
Oaxaca,Río Manso Lalana,144
Oaxaca,Río Verde,148
Oaxaca,San Andrés Chicahuaxtla,64
Oaxaca,San Antonino Monte Verde,73
Oaxaca,San Antonio Cuajimoloyas,147
Oaxaca,San Blas Atempa,52
Oaxaca,San Felipe Usila,147
Oaxaca,San Francisco Cozoaltepec,79
Oaxaca,San Francisco Yosocuta,91
Oaxaca,San Juan Cieneguillas,19
Oaxaca,San Juan Nochixtlán,21
Oaxaca,San Martín Itunyoso,36
Oaxaca,San Miguel Tlacotepec,19
Oaxaca,San Sebastian Frontera,19
Oaxaca,Santiago Camotlán,62
Oaxaca,Santiago Chazumba,82
Oaxaca,Santiago Chilixtlahuaca,66
Oaxaca,Santiago Teotongo,91
Oaxaca,Santo Domingo,148
Oaxaca,Silacayoápam,80
Oaxaca,Tehuantepec,131
Oaxaca,Teposcolula,78
Oaxaca,Tequisistlán,126
Oaxaca,Tonameca,32
Oaxaca,Tuxtepec,147
Oaxaca,Unión Hidalgo,121
Oaxaca,Usila CFE,147
Oaxaca,Valle Nacional,148
Oaxaca,Yosocuta,148
Oaxaca,Zacatepec,142
Oaxaca,Zanatepec,126
Oaxaca,Zapotitlán Lagunas,88
Oaxaca,Zapotitlán Palmas,90
Oaxaca,km 33+190,130
Oaxaca,km 51+740,125
Puebla,Acajete,148
Puebla,Acatepec,55
Puebla,Acatlán de Osorio,144
Puebla,Africam,144
Puebla,Ahuatepec,110
Puebla,Ahuazotepec,143
Puebla,Alchichica,148
Puebla,Apapantilla,148
Puebla,Atlixco,148
Puebla,Buenos Aires CFE,142
Puebla,Capulac,148
Puebla,Cemex,148
Puebla,Chietla,148
Puebla,Chignahuapan,148
Puebla,Chila de la Sal,147
Puebla,Cholula,148
Puebla,Ciudad Serdán,148
Puebla,Coatzingo,140
Puebla,Conagua,148
Puebla,Cuetzalan del Progreso,148
Puebla,Echeverría,145
Puebla,El Fraile,85
Puebla,Huaquechula,148
Puebla,Huauchinango,148
Puebla,Huejotzingo,148
Puebla,Ixcamilpa,103
Puebla,Ixtacamaxtitlán,146
Puebla,Izúcar de Matamoros,148
Puebla,La Soledad,148
Puebla,Libres,120
Puebla,Manuel Ávila Camacho,148
Puebla,Mayorazgo 21 Poniente,148
Puebla,Metlaltoyuca,87
Puebla,Naranjastitla,147
Puebla,Necaxa,191
Puebla,Observatorio de Puebla,148
Puebla,Oyameles,148
Puebla,Pahuatlán de Valle,95
Puebla,Paso Carretas,148
Puebla,Patla,148
Puebla,Piaxtla,148
Puebla,Puente Palomas,50
Puebla,Quimixtlán,148
Puebla,Rancho Nuevo,144
Puebla,San Cristóbal Caleras,143
Puebla,San José Acateno,68
Puebla,San Martín Texmelucan,48
Puebla,San Miguel Canoa,147
Puebla,Santa Rita Tlahuapan,131
Puebla,Sontalaco CFE,142
Puebla,Tecamachalco,148
Puebla,Tehuacán,147
Puebla,Teopilco,93
Puebla,Teotlalco,132
Puebla,Tepango de Rodríguez,148
Puebla,Tepexic,144
Puebla,Tepeyac,147
Puebla,Tepeyahualco,141
Puebla,Tetela de Ocampo,148
Puebla,Teziutlán,148
Puebla,Tlacotepec de Díaz,148
Puebla,Tlaxcalaltongo,61
Puebla,Universidad de la Sierra,126
Puebla,Venustiano Carranza,148
Puebla,Xicotepec de Juárez,148
Puebla,Zacapoaxtla,147
Puebla,Zaragoza,148
Puebla,Zoquitlán,148
Puebla,Ávila Camacho,146
Querétaro,Carrillo,136
Querétaro,Constitución de 1917,148
Querétaro,El Batán,142
Querétaro,El Pueblito,138
Querétaro,Gerencia Hidalgo,137
Querétaro,Huimilpan,44
Querétaro,Jalpan,128
Querétaro,Juriquilla,139
Querétaro,Observatorio de Querétaro,140
Querétaro,Peñamiller,135
Querétaro,San Ildefonso,148
Querétaro,San José,148
Querétaro,Sierra Gorda 1,33
Querétaro,Tequisquiapan,6
Quintana Roo,Arrecifes Xcalak,63
Quintana Roo,Banco Chinchorro,117
Quintana Roo,Cancún,145
Quintana Roo,Cancún Radar,110
Quintana Roo,Chetumal Tecnológico,23
Quintana Roo,Cozumel,148
Quintana Roo,Instituto Nacional de Innovación Agraria,23
Quintana Roo,Isla Holbox,14
Quintana Roo,Isla Mujeres,14
Quintana Roo,José María Morelos,72
Quintana Roo,Kantunilkín,87
Quintana Roo,Observatorio de Chetumal,231
Quintana Roo,Observatorio de Felipe Carrillo Puerto,148
Quintana Roo,Playa del Carmen,147
Quintana Roo,Puerto Juárez,32
Quintana Roo,Sergio B. Casas,1
San Luis Potosí,Ballesmi,148
San Luis Potosí,Cerritos,99
San Luis Potosí,Ciudad Fernández,11
San Luis Potosí,Ciudad Valles,234
San Luis Potosí,El Pujal,142
San Luis Potosí,Gallinas,148
San Luis Potosí,La Muñeca,59
San Luis Potosí,Las Adjuntas,195
San Luis Potosí,Matehuala,237
San Luis Potosí,Micos,145
San Luis Potosí,Naranjos,138
San Luis Potosí,Observatorio de Matlapa,158
San Luis Potosí,Observatorio de Río Verde,147
San Luis Potosí,Observatorio de San Luis Potosí,147
San Luis Potosí,Observatorio de Tamuín,147
San Luis Potosí,Ojo Caliente,147
San Luis Potosí,Pedro Montoya,145
San Luis Potosí,Requetemu,140
San Luis Potosí,San Vicente,68
San Luis Potosí,Santa Rosa,139
San Luis Potosí,Soledad Graciano,147
San Luis Potosí,Tanchachín,113
San Luis Potosí,Temamatla,128
San Luis Potosí,Tierra Blanca,141
San Luis Potosí,Valentín Gama,147
San Luis Potosí,Villa de Ramos,32
Sinaloa,Acatitán,131
Sinaloa,Adolfo Ruiz Cortines,138
Sinaloa,Ahome,133
Sinaloa,Andrew Weiss,148
Sinaloa,Bacurato hidrométrica de Gustavo Díaz Ordaz,148
Sinaloa,Badiraguato,140
Sinaloa,Choix Pueblo,12
Sinaloa,Cofradía,24
Sinaloa,Culiacán,148
Sinaloa,El Carrizo,130
Sinaloa,El Dorado,93
Sinaloa,El Fuerte,148
Sinaloa,El Sabinal hidrométrica,136
Sinaloa,El Varejonal hidrométrica,144
Sinaloa,El Zopilote,148
Sinaloa,Estación Naranjo,53
Sinaloa,Estación Rancho Viejo,147
Sinaloa,Guamúchil,148
Sinaloa,Guasave,148
Sinaloa,Guatenipa,135
Sinaloa,Higuera de Zaragoza,141
Sinaloa,Huites hidrométrica,147
Sinaloa,Ing. Aurelio Benassini Vizcaíno,147
Sinaloa,Ing. Guillermo Blake Aguilar,127
Sinaloa,Ixpalino,144
Sinaloa,Jaina,122
Sinaloa,Josefa Ortiz de Domínguez,148
Sinaloa,José López Portillo,148
Sinaloa,Juan Guerrero Alcocer,147
Sinaloa,La Cruz,148
Sinaloa,Las Tortugas,144
Sinaloa,Lic. Eustaquio Buelna,148
Sinaloa,Los Mochis,135
Sinaloa,Luis Donaldo Colosio,147
Sinaloa,Miguel Hidalgo,165
Sinaloa,Obispo,73
Sinaloa,Observatorio de Choix,138
Sinaloa,Observatorio de Culiacán,147
Sinaloa,Observatorio de Mazatlán,148
Sinaloa,Quelite,147
Sinaloa,Rosario,142
Sinaloa,San Juan,259
Sinaloa,San Lorenzo,147
Sinaloa,Sanalona,148
Sinaloa,Sanalona hidrométrica,148
Sinaloa,Santa Cruz,126
Sinaloa,Siqueros,148
Sinaloa,Sufragio,145
Sinaloa,Vinoramas,148
Sonora,Abelardo Rodríguez Luján,148
Sonora,Aconchi,147
Sonora,Adolfo Ruiz Cortines,148
Sonora,Agua Caliente,87
Sonora,Alvaro Obregón,148
Sonora,Aribabi,140
Sonora,Arizpe,147
Sonora,Bacanuchi,128
Sonora,Bacerac,146
Sonora,Basconcobe,123
Sonora,Bicentenario,47
Sonora,Caborca,62
Sonora,Calle Cuatro y Prolongación Doce,109
Sonora,Calle Cuatro y Prolongación Seis,109
Sonora,Calle Doscientos y Canal Bajo,109
Sonora,Calle Mil Doscientos y Canal Bajo,109
Sonora,Calle Seiscientos y Canal Bajo,109
Sonora,Cananea,120
Sonora,Casa del Ciano,148
Sonora,Cazanate,138
Sonora,Chiculi,93
Sonora,Ciudad Obregón,140
Sonora,Cocoraque,147
Sonora,Cuauhtémoc,148
Sonora,Cárcamo,108
Sonora,El Cajón,147
Sonora,El Cubil,145
Sonora,El Molinito,12
Sonora,El Nainari,52
Sonora,Etchojoa,105
Sonora,Guaymas,147
Sonora,Hermosillo,147
Sonora,Hornos,109
Sonora,Huachinera,147
Sonora,Huatabampo,122
Sonora,Ignacio R. Alatorre,146
Sonora,Imuris,145
Sonora,Ing. Rodolfo Félix Valdés,148
Sonora,Júpare,123
Sonora,La Té,87
Sonora,Lindero,123
Sonora,Lázaro Cárdenas,148
Sonora,Mumuncuera,134
Sonora,Nachuquis,113
Sonora,Navojoa,147
Sonora,Nogales,214
Sonora,Novillo 2,18
Sonora,Observatorio Cd. Obregón,69
Sonora,Observatorio de Altar,147
Sonora,Observatorio de Empalme,147
Sonora,Observatorio de Hermosillo,225
Sonora,Observatorio de Nacozari,126
Sonora,Observatorio de Puerto Peñasco,144
Sonora,Paso Nácori,213
Sonora,Pitiquito,143
Sonora,Plutarco Elías Calles,148
Sonora,Porfirio Díaz,109
Sonora,Punta de Agua 2,146
Sonora,Querobabi,141
Sonora,Rayón,49
Sonora,San Bernardo,147
Sonora,San Ignacio,130
Sonora,San José de Pimas,124
Sonora,San Pedro,134
Sonora,Santa Rosa 2,147
Sonora,Sebampo,118
Sonora,Sinahuiza,122
Sonora,Sonoyta,147
Sonora,Tepache,143
Sonora,Tesia,135
Sonora,Tesocoma,147
Sonora,Villa Juárez,109
Sonora,Vícam,157
Sonora,Yécora,147
Sonora,km 108 de Canal Alto,98
Sonora,km 14 de Canal Alto,109
Sonora,km 20,122
Sonora,km 25 de Canal Alto,109
Sonora,km 38,122
Sonora,km 39 de Canal Alto,109
Sonora,km 58 de Canal Alto,67
Sonora,km 68 de Canal Alto,109
Sonora,km 81 de Canal Alto,66
Sonora,km 91 de Canal Alto,109
Sonora,Álamos,115
Tabasco,Balancán,37
Tabasco,Boca del Cerro,210
Tabasco,Camoapa,11
Tabasco,Cañón Usumacinta,94
Tabasco,Cárdenas,147
Tabasco,Cárdenas Protección Civil,8
Tabasco,Dos Patrias,6
Tabasco,El Porvenir,148
Tabasco,Emiliano Zapata,125
Tabasco,González,238
Tabasco,Huimanguillo,2
Tabasco,Jonuta hidrométrica,42
Tabasco,Jonuta puente,1
Tabasco,La Posta,58
Tabasco,Los Agaves,30
Tabasco,Macuspana,147
Tabasco,Mezcalapa,45
Tabasco,Observatorio de Villahermosa,148
Tabasco,Oxolotán,134
Tabasco,Pantanos de Centla,83
Tabasco,Paraíso,116
Tabasco,Poblado C11,33
Tabasco,Porvenir,81
Tabasco,Pueblo Nuevo,148
Tabasco,Puente Solidaridad,31
Tabasco,Puyacatengo,148
Tabasco,Río González,4
Tabasco,Samaria,148
Tabasco,San Pedro,138
Tabasco,Sánchez Magallanes,32
Tabasco,Tapijulapa,142
Tabasco,Teapa,146
Tabasco,Tecoluta,42
Tabasco,Tres Brazos,29
Tabasco,Viejo Mezcalapa,51
Tabasco,Zamapa 2a. Sección,50
Tlaxcala,Apizaco,91
Tlaxcala,Calpulalpan,148
Tlaxcala,Cuapiaxtla,148
Tlaxcala,El Carmen Tequexquitla,148
Tlaxcala,Huamantla,141
Tlaxcala,La Malinche 1,11
Tlaxcala,Observatorio de Tlaxcala,271
Tlaxcala,San José Atlanga,148
Tlaxcala,Zacatelco,147
Tlaxcala,Zitlaltepec,148
Veracruz,Acatlán,148
Veracruz,Acayucan,5
Veracruz,Actopan,223
Veracruz,Agua Dulce,146
Veracruz,Alamo Temapache,145
Veracruz,Alto Lucero,68
Veracruz,Altotonga,148
Veracruz,Angel Rosario Cabada,148
Veracruz,Arroyo Colorado Protección Civil,26
Veracruz,Banderilla,148
Veracruz,Barra Galindo PC,12
Veracruz,Briones,148
Veracruz,Buena Vista Protección Civil,26
Veracruz,Canseco,118
Veracruz,Cardel,148
Veracruz,Carrizal,110
Veracruz,Carrizal Protección Civil,11
Veracruz,Cerro Gordo,147
Veracruz,Chacaltianguis,143
Veracruz,Chalahuite,87
Veracruz,Chapa Chapa Protección Civil,18
Veracruz,Chicomapa,146
Veracruz,Citlaltepec,46
Veracruz,Ciudad Alemán,1
Veracruz,Coatepec,147
Veracruz,Coatzacoalcos,104
Veracruz,Comalteco Protección Civil,24
Veracruz,Cosautlán de Carvajal,133
Veracruz,Cuatotolapan,147
Veracruz,Ejido Xilitla Protección Civil,15
Veracruz,El Ciruelo Protección Civil,25
Veracruz,El Espinal,89
Veracruz,El Higo,144
Veracruz,El Moralillo,146
Veracruz,El Morro Protección Civil,24
Veracruz,El Naranjillo,148
Veracruz,El Olivo,148
Veracruz,El Raudal,116
Veracruz,El Remolino Protección Civil,13
Veracruz,El Salado,80
Veracruz,El Tejar,148
Veracruz,Fortín,67
Veracruz,Garro,148
Veracruz,Huatusco,140
Veracruz,Huayacocotla,142
Veracruz,Ingenio Concepción,135
Veracruz,Isla Lobos,136
Veracruz,Jalacingo,82
Veracruz,Jamapa,44
Veracruz,Jesús Carranza,148
Veracruz,Jáltipan,144
Veracruz,La Campechana PC,16
Veracruz,La Cangrejera,148
Veracruz,La Cumbre,62
Veracruz,La Fábrica Protección Civil,15
Veracruz,La Joya,148
Veracruz,La Palmilla Protección Civil,16
Veracruz,La Pepehua Protección Civil,26
Veracruz,La Retama,7
Veracruz,Las Perlas,148
Veracruz,Las Vigas de Ramírez,148
Veracruz,Lauchapan,146
Veracruz,Libertad,145
Veracruz,Loma Fina,148
Veracruz,Loma Grande,232
Veracruz,Los Hules,143
Veracruz,Los Tuxtlas 2,11
Veracruz,Macedonio Alonso,13
Veracruz,Manlio Fabio Altamirano,148
Veracruz,Martínez de la Torre,148
Veracruz,Mesa de la Yerba PC,3
Veracruz,Milcahual,84
Veracruz,Minzapan,148
Veracruz,Misantla,147
Veracruz,Naolinco,147
Veracruz,Naolinco AC,39
Veracruz,Observatorio de Coatzacoalcos,148
Veracruz,Observatorio de Orizaba,246
Veracruz,Observatorio de Tuxpan,147
Veracruz,Observatorio de Veracruz,148
Veracruz,Observatorio de Xalapa,148
Veracruz,Otilpan,130
Veracruz,Pacho Viejo,70
Veracruz,Palo Amarillo,45
Veracruz,Papantla,126
Veracruz,Paso Real Protección Civil,22
Veracruz,Paso de Ovejas,14
Veracruz,Paso de Piedras,148
Veracruz,Perote,258
Veracruz,Piletas,62
Veracruz,Pital Protección Civil,23
Veracruz,Planta de bombeo 1 de La Cangrejera,130
Veracruz,Planta de bombeo 2 de La Cangrejera,138
Veracruz,Planta de bombeo 3 de La Cangrejera,148
Veracruz,Platón Sánchez,148
Veracruz,Potrero Nuevo,86
Veracruz,Poza Rica,215
Veracruz,Poza Verde Protección Civil,22
Veracruz,Presa Tuxpango,41
Veracruz,Progreso de Zaragoza Protección Civil,19
Veracruz,Puente Cuatro Caminos,70
Veracruz,Puente de la Autopista,54
Veracruz,Pánuco,146
Veracruz,Radar Alvarado,126
Veracruz,San Andrecito,9
Veracruz,San Andrés Tuxtla AC,94
Veracruz,San Isidro PC,7
Veracruz,San José Novillero,40
Veracruz,San José del Carmen,148
Veracruz,San Juan Evangelista,148
Veracruz,Santa Ana Protección Civil,26
Veracruz,Sedeño,70
Veracruz,Sihuapan,131
Veracruz,Soledad de Doblado,24
Veracruz,Sombrerete,148
Veracruz,Sontecomapan,148
Veracruz,Tamarindo,148
Veracruz,Tapachapan,134
Veracruz,Tempoal,148
Veracruz,Tenochtitlán,141
Veracruz,Teocelo,142
Veracruz,Tepetlán,22
Veracruz,Terrerillos,126
Veracruz,Tierra Blanca AC,34
Veracruz,Tierra Morada,148
Veracruz,Tlaquilpa,63
Veracruz,Tomata,147
Veracruz,Totutla,130
Veracruz,Tres Zapotes,148
Veracruz,Tuxpan CFE,1
Veracruz,Villa Tejeda,148
Veracruz,Vinazco Protección Civil,6
Veracruz,Xalapa Base PC,28
Veracruz,Xalapa Bomberos PC,16
Veracruz,Xalapa CFE,148
Veracruz,Xalapa Castillo PC,26
Veracruz,Xalapa Centro,46
Veracruz,Xalapa Ciencias Atmosféricas UV,1
Veracruz,Xalapa Constituyentes PC,28
Veracruz,Xalapa Cristal,69
Veracruz,Xalapa Dos de Abril,36
Veracruz,Xalapa Geografia Universidad Veracruzana,4
Veracruz,Xalapa IMAC PC,21
Veracruz,Xalapa Magisterial,83
Veracruz,Xalapa Minas PC,21
Veracruz,Xalapa Moral Protección Civil,13
Veracruz,Xalapa Naranjal Protección Civil,13
Veracruz,Xalapa Olmos,95
Veracruz,Xalapa Palacio PC,26
Veracruz,Xalapa Plan de Ayala Protección Civil,13
Veracruz,Xalapa Revolución,64
Veracruz,Xalapa Sefiplan PC,24
Veracruz,Xalapa Seminario PC,7
Veracruz,Xalapa Sumidero,104
Veracruz,Xalapa TOV PC,7
Veracruz,Yecuatla,42
Veracruz,Zalayeta,135
Veracruz,Álamo Protección Civil,11
Veracruz,Ídolos,148
Yucatán,Abalá,146
Yucatán,Becanchén,145
Yucatán,Cantamayec,148
Yucatán,Celestún,187
Yucatán,Centro de Investigación Científica,147
Yucatán,Chocholá,148
Yucatán,Conkal,137
Yucatán,Dzan,78
Yucatán,El Cuyo,148
Yucatán,Emiliano Zapata,133
Yucatán,Facultad de Ingeniería Universidad Autónoma de Yucatán,108
Yucatán,Gerencia Regional,6
Yucatán,Isla Pérez,53
Yucatán,Mocochá,148
Yucatán,Motul,137
Yucatán,Muna,148
Yucatán,Observatorio de Mérida,148
Yucatán,Observatorio de Progreso,214
Yucatán,Observatorio de Valladolid,187
Yucatán,Organismo de Cuenca Península de Yucatán,148
Yucatán,Oxkutzcab,199
Yucatán,Peto,148
Yucatán,Río Lagartos,110
Yucatán,Tantaquín,250
Yucatán,Ticul,148
Yucatán,Tizimín,147
Zacatecas,Abrego,38
Zacatecas,Agua Nueva,38
Zacatecas,Apozol,73
Zacatecas,Atolinga,147
Zacatecas,Campo 1,42
Zacatecas,Campo Experimental Zacatecas,36
Zacatecas,Cañitas,40
Zacatecas,Cañitas de Felipe Pescador,85
Zacatecas,Centro de Bachillerato Tecnológico Agropecuario Valparaíso,28
Zacatecas,Chalchihuites,137
Zacatecas,Chaparrosa,38
Zacatecas,Ciudad Cuauhtémoc,121
Zacatecas,Cobaez Villa de Cos,36
Zacatecas,Colonia Emancipación,36
Zacatecas,Colonia González Ortega,39
Zacatecas,Colonia Progreso,33
Zacatecas,Concepción del Oro,109
Zacatecas,Ejido Zaragoza,37
Zacatecas,El Cazadero,148
Zacatecas,El Chique,148
Zacatecas,El Gran Chaparral,38
Zacatecas,El Platanito,70
Zacatecas,El Saladillo,186
Zacatecas,Emiliano Zapata,43
Zacatecas,Estancia de Ánimas,25
Zacatecas,Fresnillo,148
Zacatecas,Genaro Codina,146
Zacatecas,General Joaquín Amaro,145
Zacatecas,Gobernador Leobardo Reynoso,148
Zacatecas,Guadalupe,147
Zacatecas,Huitzila,111
Zacatecas,Independencia Nacional,147
Zacatecas,Ing. Julián Adame Alatorre,148
Zacatecas,Jerez,138
Zacatecas,José María Morelos,148
Zacatecas,Juan Aldama,128
Zacatecas,Juchipila,142
Zacatecas,La Florida,148
Zacatecas,La Victoria,37
Zacatecas,Llano Blanco,147
Zacatecas,Loreto,179
Zacatecas,Los Moraleños,148
Zacatecas,Luis Moya,140
Zacatecas,Manuel Felgueres,147
Zacatecas,Marianita,30
Zacatecas,Mezquital del Oro,147
Zacatecas,Miguel Alemán,148
Zacatecas,Miguel Auza,119
Zacatecas,Momax,37
Zacatecas,Monte Escobedo,146
Zacatecas,Nochistlán,146
Zacatecas,Nuevo Tampico,85
Zacatecas,Observatorio de Sombrerete,147
Zacatecas,Observatorio de Zacatecas,184
Zacatecas,Ojo Caliente,131
Zacatecas,Palmas Altas,3
Zacatecas,Palomas,145
Zacatecas,Pino Suárez,148
Zacatecas,Providencia,42
Zacatecas,Ramón López Velarde,137
Zacatecas,Rancho Grande,37
Zacatecas,Río Grande,148
Zacatecas,San Francisco,147
Zacatecas,Santa Fe,38
Zacatecas,Santa Rosa,148
Zacatecas,Santiago,145
Zacatecas,Sierra Vieja,39
Zacatecas,Tayahua,13
Zacatecas,Teúl de González Ortega,144
Zacatecas,Tlalchichila,130
Zacatecas,Tlaltenango,147
Zacatecas,Unidad Académica de Agronomía,41
Zacatecas,Unidad Académica de Biología,41
Zacatecas,Universidad Politécnica del Sur de Zacatecas El Remolino,2
Zacatecas,Villa González Ortega,128
Zacatecas,Villa Hidalgo,144
Zacatecas,Villa de Cos,121
Zacatecas,Villanueva,39
Zacatecas,Zacatecas,253
